time: 2026-08-17T12:18:38+08:00
command: /usr/local/python3.11.10/bin/python bench_mmq_style_norm_after_attn_npu.py --mode both --cases all --scope kernel --device npu:4 --event-timing on --capture-msprof-op auto --output-csv mmq_style_norm_after_attn_all.csv
return_code: 1
reason: benchmark exited with status 1

===== stdout + stderr =====
WeLM mmq_style_norm_after_attn Ascend A5 study
device=npu:4 (Ascend950PR_957b), physical_AIV=56, commit=f51189862b10
shape: [M, 2048], hidden/weights=BF16, residual=FP32, outputs=(BF16, FP32, FP32)

Correctness (real WeLM BF16/FP32 call contract):
  decode_m1            baseline   PASS out=0 residual=0 fp32=4.76837e-07
Traceback (most recent call last):
  File "/usr/local/python3.11.10/lib/python3.11/site-packages/triton/compiler/compiler.py", line 289, in compile
    next_module = compile_ir(module, metadata)
                  ^^^^^^^^^^^^^^^^^^^^^^^^^^^^
  File "/usr/local/python3.11.10/lib/python3.11/site-packages/triton/backends/ascend/compiler.py", line 1223, in <lambda>
    lambda src, metadata: linalg_to_bin_enable_npu_compile_910_95(
                          ^^^^^^^^^^^^^^^^^^^^^^^^^^^^^^^^^^^^^^^^
  File "/usr/local/python3.11.10/lib/python3.11/site-packages/triton/backends/ascend/compiler.py", line 654, in linalg_to_bin_enable_npu_compile_910_95
    ret = subprocess.run(
          ^^^^^^^^^^^^^^^
  File "/usr/local/python3.11.10/lib/python3.11/subprocess.py", line 571, in run
    raise CalledProcessError(retcode, process.args,
subprocess.CalledProcessError: Command '['/usr/local/python3.11.10/lib/python3.11/site-packages/triton/backends/ascend/bishengir/bin/bishengir-compile', '/tmp/tmphgut3zkf/kernel.ttadapter.mlir', '--target=Ascend950PR_957b', '--enable-auto-multi-buffer=True', '--enable-auto-bind-sub-block=True', '--disable-ffts', '--limit-auto-multi-buffer-of-local-buffer=no-limit', '--enable-auto-blockify-loop', '--enable-hfusion-compile=true', '--enable-triton-kernel-compile=true', '--append-bisheng-options=-cce-link-aicore-ll-module /usr/local/python3.11.10/lib/python3.11/site-packages/triton/backends/ascend/lib/libdevice.10.bc', '--mlir-print-ir-after-failure', '--mlir-print-stacktrace-on-diagnostic', '-o', '/tmp/tmphgut3zkf/kernel', '--enable-vf-merge-level=1']' returned non-zero exit status 1.

The above exception was the direct cause of the following exception:

Traceback (most recent call last):
  File "/data2/hw_lly/testfiles2/bench_mmq_style_norm_after_attn_npu.py", line 1175, in <module>
    raise SystemExit(main())
                     ^^^^^^
  File "/data2/hw_lly/testfiles2/bench_mmq_style_norm_after_attn_npu.py", line 1099, in main
    correctness_records, failures = run_correctness(harness, cases)
                                    ^^^^^^^^^^^^^^^^^^^^^^^^^^^^^^^
  File "/data2/hw_lly/testfiles2/bench_mmq_style_norm_after_attn_npu.py", line 395, in run_correctness
    bound.launch()
  File "/data2/hw_lly/testfiles2/bench_mmq_style_norm_after_attn_npu.py", line 293, in launch
    return kernel[(num_programs,)](
           ^^^^^^^^^^^^^^^^^^^^^^^^
  File "/usr/local/python3.11.10/lib/python3.11/site-packages/triton/runtime/jit.py", line 333, in <lambda>
    return lambda *args, **kwargs: self.run(grid=grid, warmup=False, *args, **kwargs)
                                   ^^^^^^^^^^^^^^^^^^^^^^^^^^^^^^^^^^^^^^^^^^^^^^^^^^
  File "/usr/local/python3.11.10/lib/python3.11/site-packages/triton/runtime/jit.py", line 622, in run
    kernel = self._do_compile(key, signature, device, backend, target, constants, options, configs[0], warmup)
             ^^^^^^^^^^^^^^^^^^^^^^^^^^^^^^^^^^^^^^^^^^^^^^^^^^^^^^^^^^^^^^^^^^^^^^^^^^^^^^^^^^^^^^^^^^^^^^^^^
  File "/usr/local/python3.11.10/lib/python3.11/site-packages/triton/runtime/jit.py", line 787, in _do_compile
    kernel = self.compile(src, target=target, options=options.__dict__)
             ^^^^^^^^^^^^^^^^^^^^^^^^^^^^^^^^^^^^^^^^^^^^^^^^^^^^^^^^^^
  File "/usr/local/python3.11.10/lib/python3.11/site-packages/triton/compiler/compiler.py", line 303, in compile
    raise MLIRCompilationError(stage_name, error_detail) from e
triton.compiler.errors.MLIRCompilationError: 
///------------------[ERROR][Triton][BEG]------------------
[ConvertLinalgRToBinary] encounters error:
// -----// IR Dump After PlanMemory Failed (hivm-plan-memory) //----- //
#map = affine_map<(d0) -> (0)>
module attributes {dlti.target_system_spec = #dlti.target_system_spec<"NPU" : #hacc.target_device_spec<#dlti.dl_entry<"AI_CORE_COUNT", 28 : i32>, #dlti.dl_entry<"CUBE_CORE_COUNT", 28 : i32>, #dlti.dl_entry<"VECTOR_CORE_COUNT", 56 : i32>, #dlti.dl_entry<"UB_SIZE", 2031616 : i32>, #dlti.dl_entry<"L1_SIZE", 4194304 : i32>, #dlti.dl_entry<"L0A_SIZE", 524288 : i32>, #dlti.dl_entry<"L0B_SIZE", 524288 : i32>, #dlti.dl_entry<"L0C_SIZE", 2097152 : i32>, #dlti.dl_entry<"UB_ALIGN_SIZE", 256 : i32>, #dlti.dl_entry<"L1_ALIGN_SIZE", 256 : i32>, #dlti.dl_entry<"L0C_ALIGN_SIZE", 4096 : i32>, #dlti.dl_entry<"MINIMAL_D_CACHE_SIZE", 262144 : i32>, #dlti.dl_entry<"MAXIMUM_D_CACHE_SIZE", 983040 : i32>, #dlti.dl_entry<"ARCH", "dav-c310">>>, hacc.target = #hacc.target<"Ascend950PR_957b">, hivm.module_core_type = #hivm.module_core_type<AIV>} {
  func.func @_candidate_mmq_style_norm_after_attn_kernel_outlined_vf_0(%arg0: memref<8192xbf16, #hivm.address_space<ub>>) attributes {hivm.func_core_type = #hivm.func_core_type<AIV>, hivm.vector_function, no_inline} {
    %cst = arith.constant dense<0.000000e+00> : vector<128xbf16>
    %c128 = arith.constant 128 : index
    %c8192 = arith.constant 8192 : index
    %c0 = arith.constant 0 : index
    scf.for %arg1 = %c0 to %c8192 step %c128 {
      %subview = memref.subview %arg0[%arg1] [128] [1] : memref<8192xbf16, #hivm.address_space<ub>> to memref<128xbf16, strided<[1], offset: ?>, #hivm.address_space<ub>>
      vector.transfer_write %cst, %subview[%c0] {in_bounds = [true]} : vector<128xbf16>, memref<128xbf16, strided<[1], offset: ?>, #hivm.address_space<ub>>
    }
    return
  }
  func.func @_candidate_mmq_style_norm_after_attn_kernel_outlined_vf_1(%arg0: memref<8192xf32, #hivm.address_space<ub>>) attributes {hivm.func_core_type = #hivm.func_core_type<AIV>, hivm.vector_function, no_inline} {
    %cst = arith.constant dense<0.000000e+00> : vector<64xf32>
    %c64 = arith.constant 64 : index
    %c8192 = arith.constant 8192 : index
    %c0 = arith.constant 0 : index
    scf.for %arg1 = %c0 to %c8192 step %c64 {
      %subview = memref.subview %arg0[%arg1] [64] [1] : memref<8192xf32, #hivm.address_space<ub>> to memref<64xf32, strided<[1], offset: ?>, #hivm.address_space<ub>>
      vector.transfer_write %cst, %subview[%c0] {in_bounds = [true]} : vector<64xf32>, memref<64xf32, strided<[1], offset: ?>, #hivm.address_space<ub>>
    }
    return
  }
  func.func @_candidate_mmq_style_norm_after_attn_kernel_outlined_vf_2(%arg0: memref<8192xbf16, #hivm.address_space<ub>>, %arg1: memref<8192xf32, #hivm.address_space<ub>>) attributes {hivm.func_core_type = #hivm.func_core_type<AIV>, hivm.vector_function, no_inline} {
    %cst = arith.constant 0.000000e+00 : bf16
    %c64 = arith.constant 64 : index
    %c8192 = arith.constant 8192 : index
    %c0 = arith.constant 0 : index
    scf.for %arg2 = %c0 to %c8192 step %c64 {
      %subview = memref.subview %arg0[%arg2] [64] [1] : memref<8192xbf16, #hivm.address_space<ub>> to memref<64xbf16, strided<[1], offset: ?>, #hivm.address_space<ub>>
      %subview_0 = memref.subview %arg1[%arg2] [64] [1] : memref<8192xf32, #hivm.address_space<ub>> to memref<64xf32, strided<[1], offset: ?>, #hivm.address_space<ub>>
      %0 = vector.transfer_read %subview[%c0], %cst {in_bounds = [true]} : memref<64xbf16, strided<[1], offset: ?>, #hivm.address_space<ub>>, vector<64xbf16>
      %1 = arith.extf %0 {enable_saturate = false, round_mode = #hfusion.round_mode<rint>, unsigned_mode = #hfusion.unsigned_mode<si2si>} : vector<64xbf16> to vector<64xf32>
      vector.transfer_write %1, %subview_0[%c0] {in_bounds = [true]} : vector<64xf32>, memref<64xf32, strided<[1], offset: ?>, #hivm.address_space<ub>>
    }
    return
  }
  func.func @_candidate_mmq_style_norm_after_attn_kernel_outlined_vf_3(%arg0: memref<8192xf32, #hivm.address_space<ub>>, %arg1: memref<f32, #hivm.address_space<ub>>) attributes {hivm.func_core_type = #hivm.func_core_type<AIV>, hivm.vector_function, no_inline} {
    %cst = arith.constant 0.000000e+00 : f32
    %c64 = arith.constant 64 : index
    %c8192 = arith.constant 8192 : index
    %c0 = arith.constant 0 : index
    %0 = vector.transfer_read %arg1[], %cst : memref<f32, #hivm.address_space<ub>>, vector<f32>
    %1 = scf.for %arg2 = %c0 to %c8192 step %c64 iter_args(%arg3 = %0) -> (vector<f32>) {
      %subview = memref.subview %arg0[%arg2] [64] [1] : memref<8192xf32, #hivm.address_space<ub>> to memref<64xf32, strided<[1], offset: ?>, #hivm.address_space<ub>>
      %2 = vector.transfer_read %subview[%c0], %cst {in_bounds = [true]} : memref<64xf32, strided<[1], offset: ?>, #hivm.address_space<ub>>, vector<64xf32>
      %3 = vector.extractelement %arg3[] : vector<f32>
      %4 = arith.mulf %2, %2 : vector<64xf32>
      %5 = vector.multi_reduction <add>, %4, %3 [0] : vector<64xf32> to f32
      %6 = vector.broadcast %5 : f32 to vector<f32>
      scf.yield %6 : vector<f32>
    }
    vector.transfer_write %1, %arg1[] : vector<f32>, memref<f32, #hivm.address_space<ub>>
    return
  }
  func.func @_candidate_mmq_style_norm_after_attn_kernel_outlined_vf_4(%arg0: memref<8192xf32, #hivm.address_space<ub>>, %arg1: memref<8192xf32, #hivm.address_space<ub>>, %arg2: memref<1xf32, #hivm.address_space<ub>>, %arg3: memref<1xf32, #hivm.address_space<ub>>, %arg4: memref<8192xf32, #hivm.address_space<ub>>, %arg5: memref<8192xf32, #hivm.address_space<ub>>, %arg6: memref<8192xf32, #hivm.address_space<ub>>) attributes {hivm.func_core_type = #hivm.func_core_type<AIV>, hivm.vector_function, no_inline} {
    %cst = arith.constant dense<1.000000e+00> : vector<64xf32>
    %cst_0 = arith.constant 0.000000e+00 : f32
    %c64 = arith.constant 64 : index
    %c8192 = arith.constant 8192 : index
    %c0 = arith.constant 0 : index
    scf.for %arg7 = %c0 to %c8192 step %c64 {
      %subview = memref.subview %arg0[%arg7] [64] [1] : memref<8192xf32, #hivm.address_space<ub>> to memref<64xf32, strided<[1], offset: ?>, #hivm.address_space<ub>>
      %subview_1 = memref.subview %arg1[%arg7] [64] [1] : memref<8192xf32, #hivm.address_space<ub>> to memref<64xf32, strided<[1], offset: ?>, #hivm.address_space<ub>>
      %0 = vector.transfer_read %subview[%c0], %cst_0 {in_bounds = [true]} : memref<64xf32, strided<[1], offset: ?>, #hivm.address_space<ub>>, vector<64xf32>
      %1 = vector.transfer_read %arg2[%c0], %cst_0 {in_bounds = [true], permutation_map = #map} : memref<1xf32, #hivm.address_space<ub>>, vector<64xf32>
      %2 = vector.transfer_read %arg3[%c0], %cst_0 {in_bounds = [true], permutation_map = #map} : memref<1xf32, #hivm.address_space<ub>>, vector<64xf32>
      %3 = vector.transfer_read %subview_1[%c0], %cst_0 {in_bounds = [true]} : memref<64xf32, strided<[1], offset: ?>, #hivm.address_space<ub>>, vector<64xf32>
      %4 = arith.addf %1, %2 : vector<64xf32>
      %5 = math.sqrt %4 : vector<64xf32>
      %6 = arith.divf %cst, %5 : vector<64xf32>
      %7 = arith.mulf %0, %6 : vector<64xf32>
      %8 = arith.mulf %7, %3 : vector<64xf32>
      %subview_2 = memref.subview %arg4[%arg7] [64] [1] : memref<8192xf32, #hivm.address_space<ub>> to memref<64xf32, strided<[1], offset: ?>, #hivm.address_space<ub>>
      %subview_3 = memref.subview %arg5[%arg7] [64] [1] : memref<8192xf32, #hivm.address_space<ub>> to memref<64xf32, strided<[1], offset: ?>, #hivm.address_space<ub>>
      %9 = vector.transfer_read %subview_2[%c0], %cst_0 {in_bounds = [true]} : memref<64xf32, strided<[1], offset: ?>, #hivm.address_space<ub>>, vector<64xf32>
      %10 = arith.truncf %8 {enable_saturate = false, round_mode = #hfusion.round_mode<rint>, unsigned_mode = #hfusion.unsigned_mode<si2si>} : vector<64xf32> to vector<64xbf16>
      %11 = arith.extf %10 {enable_saturate = false, round_mode = #hfusion.round_mode<rint>, unsigned_mode = #hfusion.unsigned_mode<si2si>} : vector<64xbf16> to vector<64xf32>
      %12 = arith.addf %11, %9 : vector<64xf32>
      vector.transfer_write %12, %subview_3[%c0] {in_bounds = [true]} : vector<64xf32>, memref<64xf32, strided<[1], offset: ?>, #hivm.address_space<ub>>
    }
    scf.for %arg7 = %c0 to %c8192 step %c64 {
      %subview = memref.subview %arg5[%arg7] [64] [1] : memref<8192xf32, #hivm.address_space<ub>> to memref<64xf32, strided<[1], offset: ?>, #hivm.address_space<ub>>
      %subview_1 = memref.subview %arg6[%arg7] [64] [1] : memref<8192xf32, #hivm.address_space<ub>> to memref<64xf32, strided<[1], offset: ?>, #hivm.address_space<ub>>
      %0 = vector.transfer_read %subview[%c0], %cst_0 {in_bounds = [true]} : memref<64xf32, strided<[1], offset: ?>, #hivm.address_space<ub>>, vector<64xf32>
      %1 = arith.truncf %0 {enable_saturate = false, round_mode = #hfusion.round_mode<rint>, unsigned_mode = #hfusion.unsigned_mode<si2si>} : vector<64xf32> to vector<64xbf16>
      %2 = arith.extf %1 {enable_saturate = false, round_mode = #hfusion.round_mode<rint>, unsigned_mode = #hfusion.unsigned_mode<si2si>} : vector<64xbf16> to vector<64xf32>
      vector.transfer_write %2, %subview_1[%c0] {in_bounds = [true]} : vector<64xf32>, memref<64xf32, strided<[1], offset: ?>, #hivm.address_space<ub>>
    }
    return
  }
  func.func @_candidate_mmq_style_norm_after_attn_kernel_outlined_vf_5(%arg0: memref<8192xf32, #hivm.address_space<ub>>, %arg1: memref<f32, #hivm.address_space<ub>>) attributes {hivm.func_core_type = #hivm.func_core_type<AIV>, hivm.vector_function, no_inline} {
    %cst = arith.constant 0.000000e+00 : f32
    %c64 = arith.constant 64 : index
    %c8192 = arith.constant 8192 : index
    %c0 = arith.constant 0 : index
    %0 = vector.transfer_read %arg1[], %cst : memref<f32, #hivm.address_space<ub>>, vector<f32>
    %1 = scf.for %arg2 = %c0 to %c8192 step %c64 iter_args(%arg3 = %0) -> (vector<f32>) {
      %subview = memref.subview %arg0[%arg2] [64] [1] : memref<8192xf32, #hivm.address_space<ub>> to memref<64xf32, strided<[1], offset: ?>, #hivm.address_space<ub>>
      %2 = vector.transfer_read %subview[%c0], %cst {in_bounds = [true]} : memref<64xf32, strided<[1], offset: ?>, #hivm.address_space<ub>>, vector<64xf32>
      %3 = vector.extractelement %arg3[] : vector<f32>
      %4 = arith.mulf %2, %2 : vector<64xf32>
      %5 = vector.multi_reduction <add>, %4, %3 [0] : vector<64xf32> to f32
      %6 = vector.broadcast %5 : f32 to vector<f32>
      scf.yield %6 : vector<f32>
    }
    vector.transfer_write %1, %arg1[] : vector<f32>, memref<f32, #hivm.address_space<ub>>
    return
  }
  func.func @_candidate_mmq_style_norm_after_attn_kernel_outlined_vf_6(%arg0: memref<8192xf32, #hivm.address_space<ub>>, %arg1: memref<8192xf32, #hivm.address_space<ub>>, %arg2: memref<1xf32, #hivm.address_space<ub>>, %arg3: memref<1xf32, #hivm.address_space<ub>>, %arg4: memref<8192xf32, #hivm.address_space<ub>>) attributes {hivm.func_core_type = #hivm.func_core_type<AIV>, hivm.vector_function, no_inline} {
    %cst = arith.constant dense<1.000000e+00> : vector<64xf32>
    %cst_0 = arith.constant 0.000000e+00 : f32
    %c64 = arith.constant 64 : index
    %c8192 = arith.constant 8192 : index
    %c0 = arith.constant 0 : index
    scf.for %arg5 = %c0 to %c8192 step %c64 {
      %subview = memref.subview %arg0[%arg5] [64] [1] : memref<8192xf32, #hivm.address_space<ub>> to memref<64xf32, strided<[1], offset: ?>, #hivm.address_space<ub>>
      %subview_1 = memref.subview %arg1[%arg5] [64] [1] : memref<8192xf32, #hivm.address_space<ub>> to memref<64xf32, strided<[1], offset: ?>, #hivm.address_space<ub>>
      %subview_2 = memref.subview %arg4[%arg5] [64] [1] : memref<8192xf32, #hivm.address_space<ub>> to memref<64xf32, strided<[1], offset: ?>, #hivm.address_space<ub>>
      %0 = vector.transfer_read %subview[%c0], %cst_0 {in_bounds = [true]} : memref<64xf32, strided<[1], offset: ?>, #hivm.address_space<ub>>, vector<64xf32>
      %1 = vector.transfer_read %arg2[%c0], %cst_0 {in_bounds = [true], permutation_map = #map} : memref<1xf32, #hivm.address_space<ub>>, vector<64xf32>
      %2 = vector.transfer_read %arg3[%c0], %cst_0 {in_bounds = [true], permutation_map = #map} : memref<1xf32, #hivm.address_space<ub>>, vector<64xf32>
      %3 = vector.transfer_read %subview_1[%c0], %cst_0 {in_bounds = [true]} : memref<64xf32, strided<[1], offset: ?>, #hivm.address_space<ub>>, vector<64xf32>
      %4 = arith.addf %1, %2 : vector<64xf32>
      %5 = math.sqrt %4 : vector<64xf32>
      %6 = arith.divf %cst, %5 : vector<64xf32>
      %7 = arith.mulf %0, %6 : vector<64xf32>
      %8 = arith.mulf %7, %3 : vector<64xf32>
      vector.transfer_write %8, %subview_2[%c0] {in_bounds = [true]} : vector<64xf32>, memref<64xf32, strided<[1], offset: ?>, #hivm.address_space<ub>>
    }
    return
  }
  func.func @_candidate_mmq_style_norm_after_attn_kernel_outlined_vf_7(%arg0: memref<8192xf32, #hivm.address_space<ub>>, %arg1: memref<8192xbf16, #hivm.address_space<ub>>) attributes {hivm.func_core_type = #hivm.func_core_type<AIV>, hivm.vector_function, no_inline} {
    %cst = arith.constant 0.000000e+00 : f32
    %c64 = arith.constant 64 : index
    %c8192 = arith.constant 8192 : index
    %c0 = arith.constant 0 : index
    scf.for %arg2 = %c0 to %c8192 step %c64 {
      %subview = memref.subview %arg0[%arg2] [64] [1] : memref<8192xf32, #hivm.address_space<ub>> to memref<64xf32, strided<[1], offset: ?>, #hivm.address_space<ub>>
      %subview_0 = memref.subview %arg1[%arg2] [64] [1] : memref<8192xbf16, #hivm.address_space<ub>> to memref<64xbf16, strided<[1], offset: ?>, #hivm.address_space<ub>>
      %0 = vector.transfer_read %subview[%c0], %cst {in_bounds = [true]} : memref<64xf32, strided<[1], offset: ?>, #hivm.address_space<ub>>, vector<64xf32>
      %1 = arith.truncf %0 {enable_saturate = false, round_mode = #hfusion.round_mode<rint>, unsigned_mode = #hfusion.unsigned_mode<si2si>} : vector<64xf32> to vector<64xbf16>
      vector.transfer_write %1, %subview_0[%c0] {in_bounds = [true]} : vector<64xbf16>, memref<64xbf16, strided<[1], offset: ?>, #hivm.address_space<ub>>
    }
    return
  }
  func.func @_candidate_mmq_style_norm_after_attn_kernel_outlined_vf_8(%arg0: memref<8192xbf16, #hivm.address_space<ub>>) attributes {hivm.func_core_type = #hivm.func_core_type<AIV>, hivm.vector_function, no_inline} {
    %cst = arith.constant dense<0.000000e+00> : vector<128xbf16>
    %c128 = arith.constant 128 : index
    %c8192 = arith.constant 8192 : index
    %c0 = arith.constant 0 : index
    scf.for %arg1 = %c0 to %c8192 step %c128 {
      %subview = memref.subview %arg0[%arg1] [128] [1] : memref<8192xbf16, #hivm.address_space<ub>> to memref<128xbf16, strided<[1], offset: ?>, #hivm.address_space<ub>>
      vector.transfer_write %cst, %subview[%c0] {in_bounds = [true]} : vector<128xbf16>, memref<128xbf16, strided<[1], offset: ?>, #hivm.address_space<ub>>
    }
    return
  }
  func.func @_candidate_mmq_style_norm_after_attn_kernel_outlined_vf_9(%arg0: memref<8192xbf16, #hivm.address_space<ub>>) attributes {hivm.func_core_type = #hivm.func_core_type<AIV>, hivm.vector_function, no_inline} {
    %cst = arith.constant dense<0.000000e+00> : vector<128xbf16>
    %c128 = arith.constant 128 : index
    %c8192 = arith.constant 8192 : index
    %c0 = arith.constant 0 : index
    scf.for %arg1 = %c0 to %c8192 step %c128 {
      %subview = memref.subview %arg0[%arg1] [128] [1] : memref<8192xbf16, #hivm.address_space<ub>> to memref<128xbf16, strided<[1], offset: ?>, #hivm.address_space<ub>>
      vector.transfer_write %cst, %subview[%c0] {in_bounds = [true]} : vector<128xbf16>, memref<128xbf16, strided<[1], offset: ?>, #hivm.address_space<ub>>
    }
    return
  }
  func.func @_candidate_mmq_style_norm_after_attn_kernel_outlined_vf_10(%arg0: memref<8192xbf16, #hivm.address_space<ub>>, %arg1: memref<8192xbf16, #hivm.address_space<ub>>, %arg2: memref<8192xf32, #hivm.address_space<ub>>, %arg3: memref<8192xf32, #hivm.address_space<ub>>) attributes {hivm.func_core_type = #hivm.func_core_type<AIV>, hivm.vector_function, no_inline} {
    %cst = arith.constant 0.000000e+00 : bf16
    %c64 = arith.constant 64 : index
    %c8192 = arith.constant 8192 : index
    %c0 = arith.constant 0 : index
    scf.for %arg4 = %c0 to %c8192 step %c64 {
      %subview = memref.subview %arg0[%arg4] [64] [1] : memref<8192xbf16, #hivm.address_space<ub>> to memref<64xbf16, strided<[1], offset: ?>, #hivm.address_space<ub>>
      %subview_0 = memref.subview %arg2[%arg4] [64] [1] : memref<8192xf32, #hivm.address_space<ub>> to memref<64xf32, strided<[1], offset: ?>, #hivm.address_space<ub>>
      %0 = vector.transfer_read %subview[%c0], %cst {in_bounds = [true]} : memref<64xbf16, strided<[1], offset: ?>, #hivm.address_space<ub>>, vector<64xbf16>
      %1 = arith.extf %0 {enable_saturate = false, round_mode = #hfusion.round_mode<rint>, unsigned_mode = #hfusion.unsigned_mode<si2si>} : vector<64xbf16> to vector<64xf32>
      vector.transfer_write %1, %subview_0[%c0] {in_bounds = [true]} : vector<64xf32>, memref<64xf32, strided<[1], offset: ?>, #hivm.address_space<ub>>
      %subview_1 = memref.subview %arg1[%arg4] [64] [1] : memref<8192xbf16, #hivm.address_space<ub>> to memref<64xbf16, strided<[1], offset: ?>, #hivm.address_space<ub>>
      %subview_2 = memref.subview %arg3[%arg4] [64] [1] : memref<8192xf32, #hivm.address_space<ub>> to memref<64xf32, strided<[1], offset: ?>, #hivm.address_space<ub>>
      %2 = vector.transfer_read %subview_1[%c0], %cst {in_bounds = [true]} : memref<64xbf16, strided<[1], offset: ?>, #hivm.address_space<ub>>, vector<64xbf16>
      %3 = arith.extf %2 {enable_saturate = false, round_mode = #hfusion.round_mode<rint>, unsigned_mode = #hfusion.unsigned_mode<si2si>} : vector<64xbf16> to vector<64xf32>
      vector.transfer_write %3, %subview_2[%c0] {in_bounds = [true]} : vector<64xf32>, memref<64xf32, strided<[1], offset: ?>, #hivm.address_space<ub>>
    }
    return
  }
  func.func @_candidate_mmq_style_norm_after_attn_kernel(%arg0: memref<?xi8, #hivm.address_space<gm>> {hacc.arg_type = #hacc.arg_type<sync_block_lock>}, %arg1: memref<?xi8, #hivm.address_space<gm>> {hacc.arg_type = #hacc.arg_type<workspace>}, %arg2: memref<?xbf16, #hivm.address_space<gm>> {tt.divisibility = 16 : i32, tt.tensor_kind = 0 : i32}, %arg3: memref<?xf32, #hivm.address_space<gm>> {tt.divisibility = 16 : i32, tt.tensor_kind = 0 : i32}, %arg4: memref<?xbf16, #hivm.address_space<gm>> {tt.divisibility = 16 : i32, tt.tensor_kind = 0 : i32}, %arg5: memref<?xbf16, #hivm.address_space<gm>> {tt.divisibility = 16 : i32, tt.tensor_kind = 0 : i32}, %arg6: memref<?xbf16, #hivm.address_space<gm>> {tt.divisibility = 16 : i32, tt.tensor_kind = 1 : i32}, %arg7: memref<?xf32, #hivm.address_space<gm>> {tt.divisibility = 16 : i32, tt.tensor_kind = 1 : i32}, %arg8: memref<?xf32, #hivm.address_space<gm>> {tt.divisibility = 16 : i32, tt.tensor_kind = 1 : i32}, %arg9: i32, %arg10: f32, %arg11: i32, %arg12: i32, %arg13: i32) attributes {SyncBlockLockArgIdx = 0 : i64, WorkspaceArgIdx = 1 : i64, func_dyn_memref_args = dense<[true, true, true, true, true, true, true, true, true, false, false, false, false, false]> : vector<14xi1>, hacc.entry, hacc.function_kind = #hacc.function_kind<DEVICE>, hivm.func_core_type = #hivm.func_core_type<AIV>, hivm.vf_mode = #hivm.vf_mode<SIMD>, mix_mode = "aiv", parallel_mode = "simd"} {
    %cst = arith.constant 2.048000e+03 : f32
    %c2048_i32 = arith.constant 2048 : i32
    %c0 = arith.constant 0 : index
    %cst_0 = arith.constant 0.000000e+00 : bf16
    %cst_1 = arith.constant 0.000000e+00 : f32
    %c56_i32 = arith.constant 56 : i32
    %0 = arith.muli %arg11, %arg12 : i32
    %1 = arith.muli %0, %arg13 : i32
    annotation.mark %1 {logical_block_num} : i32
    %2 = hivm.hir.get_block_idx -> i64
    %3 = arith.trunci %2 : i64 to i32
    %reinterpret_cast = memref.reinterpret_cast %arg4 to offset: [0], sizes: [8192], strides: [1] : memref<?xbf16, #hivm.address_space<gm>> to memref<8192xbf16, strided<[1]>, #hivm.address_space<gm>>
    %subview = memref.subview %reinterpret_cast[0] [2048] [1] : memref<8192xbf16, strided<[1]>, #hivm.address_space<gm>> to memref<2048xbf16, #hivm.address_space<gm>>
    %reinterpret_cast_2 = memref.reinterpret_cast %arg5 to offset: [0], sizes: [8192], strides: [1] : memref<?xbf16, #hivm.address_space<gm>> to memref<8192xbf16, strided<[1]>, #hivm.address_space<gm>>
    %subview_3 = memref.subview %reinterpret_cast_2[0] [2048] [1] : memref<8192xbf16, strided<[1]>, #hivm.address_space<gm>> to memref<2048xbf16, #hivm.address_space<gm>>
    %alloc = memref.alloc() {alignment = 64 : i64} : memref<1xf32, #hivm.address_space<ub>>
    memref.store %arg10, %alloc[%c0] : memref<1xf32, #hivm.address_space<ub>>
    scf.for %arg14 = %3 to %1 step %c56_i32  : i32 {
      hivm.hir.set_ctrl false at ctrl[60]
      hivm.hir.set_ctrl true at ctrl[48]
      %4 = arith.remsi %arg14, %arg11 : i32
      %alloc_4 = memref.alloc() : memref<8192xbf16, #hivm.address_space<ub>>
      annotation.mark %alloc_4 {hivm.multi_buffer = 2 : i32} : memref<8192xbf16, #hivm.address_space<ub>>
      func.call @_candidate_mmq_style_norm_after_attn_kernel_outlined_vf_8(%alloc_4) {hivm.vector_function, no_inline} : (memref<8192xbf16, #hivm.address_space<ub>>) -> ()
      %subview_5 = memref.subview %alloc_4[0] [2048] [1] : memref<8192xbf16, #hivm.address_space<ub>> to memref<2048xbf16, #hivm.address_space<ub>>
      hivm.hir.load ins(%subview : memref<2048xbf16, #hivm.address_space<gm>>) outs(%subview_5 : memref<2048xbf16, #hivm.address_space<ub>>) pad_mode = <PadValue> pad_value = %cst_0 : bf16 left_padding_num = %c0 : index eviction_policy = <EvictFirst> core_type = <VECTOR>
      %alloc_6 = memref.alloc() : memref<8192xbf16, #hivm.address_space<ub>>
      annotation.mark %alloc_6 {hivm.multi_buffer = 2 : i32} : memref<8192xbf16, #hivm.address_space<ub>>
      func.call @_candidate_mmq_style_norm_after_attn_kernel_outlined_vf_9(%alloc_6) {hivm.vector_function, no_inline} : (memref<8192xbf16, #hivm.address_space<ub>>) -> ()
      %subview_7 = memref.subview %alloc_6[0] [2048] [1] : memref<8192xbf16, #hivm.address_space<ub>> to memref<2048xbf16, #hivm.address_space<ub>>
      hivm.hir.load ins(%subview_3 : memref<2048xbf16, #hivm.address_space<gm>>) outs(%subview_7 : memref<2048xbf16, #hivm.address_space<ub>>) pad_mode = <PadValue> pad_value = %cst_0 : bf16 left_padding_num = %c0 : index eviction_policy = <EvictFirst> core_type = <VECTOR>
      %alloc_8 = memref.alloc() {alignment = 64 : i64} : memref<8192xf32, #hivm.address_space<ub>>
      %alloc_9 = memref.alloc() {alignment = 64 : i64} : memref<8192xf32, #hivm.address_space<ub>>
      func.call @_candidate_mmq_style_norm_after_attn_kernel_outlined_vf_10(%alloc_4, %alloc_6, %alloc_8, %alloc_9) {hivm.vector_function, no_inline} : (memref<8192xbf16, #hivm.address_space<ub>>, memref<8192xbf16, #hivm.address_space<ub>>, memref<8192xf32, #hivm.address_space<ub>>, memref<8192xf32, #hivm.address_space<ub>>) -> ()
      scf.for %arg15 = %4 to %arg9 step %arg11  : i32 {
        %5 = arith.muli %arg15, %c2048_i32 : i32
        %6 = arith.index_cast %5 : i32 to index
        %reinterpret_cast_10 = memref.reinterpret_cast %arg2 to offset: [%6], sizes: [8192], strides: [1] : memref<?xbf16, #hivm.address_space<gm>> to memref<8192xbf16, strided<[1], offset: ?>, #hivm.address_space<gm>>
        %alloc_11 = memref.alloc() : memref<8192xbf16, #hivm.address_space<ub>>
        annotation.mark %alloc_11 {hivm.multi_buffer = 2 : i32} : memref<8192xbf16, #hivm.address_space<ub>>
        func.call @_candidate_mmq_style_norm_after_attn_kernel_outlined_vf_0(%alloc_11) {hivm.vector_function, no_inline} : (memref<8192xbf16, #hivm.address_space<ub>>) -> ()
        %subview_12 = memref.subview %reinterpret_cast_10[0] [2048] [1] : memref<8192xbf16, strided<[1], offset: ?>, #hivm.address_space<gm>> to memref<2048xbf16, strided<[1], offset: ?>, #hivm.address_space<gm>>
        %subview_13 = memref.subview %alloc_11[0] [2048] [1] : memref<8192xbf16, #hivm.address_space<ub>> to memref<2048xbf16, #hivm.address_space<ub>>
        hivm.hir.load ins(%subview_12 : memref<2048xbf16, strided<[1], offset: ?>, #hivm.address_space<gm>>) outs(%subview_13 : memref<2048xbf16, #hivm.address_space<ub>>) pad_mode = <PadValue> pad_value = %cst_0 : bf16 left_padding_num = %c0 : index eviction_policy = <EvictFirst> core_type = <VECTOR>
        %reinterpret_cast_14 = memref.reinterpret_cast %arg3 to offset: [%6], sizes: [8192], strides: [1] : memref<?xf32, #hivm.address_space<gm>> to memref<8192xf32, strided<[1], offset: ?>, #hivm.address_space<gm>>
        %alloc_15 = memref.alloc() : memref<8192xf32, #hivm.address_space<ub>>
        annotation.mark %alloc_15 {hivm.multi_buffer = 2 : i32} : memref<8192xf32, #hivm.address_space<ub>>
        func.call @_candidate_mmq_style_norm_after_attn_kernel_outlined_vf_1(%alloc_15) {hivm.vector_function, no_inline} : (memref<8192xf32, #hivm.address_space<ub>>) -> ()
        %subview_16 = memref.subview %reinterpret_cast_14[0] [2048] [1] : memref<8192xf32, strided<[1], offset: ?>, #hivm.address_space<gm>> to memref<2048xf32, strided<[1], offset: ?>, #hivm.address_space<gm>>
        %subview_17 = memref.subview %alloc_15[0] [2048] [1] : memref<8192xf32, #hivm.address_space<ub>> to memref<2048xf32, #hivm.address_space<ub>>
        hivm.hir.load ins(%subview_16 : memref<2048xf32, strided<[1], offset: ?>, #hivm.address_space<gm>>) outs(%subview_17 : memref<2048xf32, #hivm.address_space<ub>>) pad_mode = <PadValue> pad_value = %cst_1 : f32 left_padding_num = %c0 : index eviction_policy = <EvictFirst> core_type = <VECTOR>
        %alloc_18 = memref.alloc() {alignment = 64 : i64} : memref<f32, #hivm.address_space<ub>>
        %alloc_19 = memref.alloc() {alignment = 64 : i64} : memref<8192xf32, #hivm.address_space<ub>>
        func.call @_candidate_mmq_style_norm_after_attn_kernel_outlined_vf_2(%alloc_11, %alloc_19) {hivm.vector_function, no_inline} : (memref<8192xbf16, #hivm.address_space<ub>>, memref<8192xf32, #hivm.address_space<ub>>) -> ()
        memref.store %cst_1, %alloc_18[] : memref<f32, #hivm.address_space<ub>>
        func.call @_candidate_mmq_style_norm_after_attn_kernel_outlined_vf_3(%alloc_19, %alloc_18) {hivm.vector_function, no_inline} : (memref<8192xf32, #hivm.address_space<ub>>, memref<f32, #hivm.address_space<ub>>) -> ()
        %7 = memref.load %alloc_18[] : memref<f32, #hivm.address_space<ub>>
        %8 = arith.divf %7, %cst : f32
        %alloc_20 = memref.alloc() {alignment = 64 : i64} : memref<1xf32, #hivm.address_space<ub>>
        memref.store %8, %alloc_20[%c0] : memref<1xf32, #hivm.address_space<ub>>
        %alloc_21 = memref.alloc() {alignment = 64 : i64} : memref<f32, #hivm.address_space<ub>>
        %alloc_22 = memref.alloc() {alignment = 64 : i64} : memref<8192xf32, #hivm.address_space<ub>>
        annotation.mark %alloc_22 {hivm.multi_buffer = 2 : i32} : memref<8192xf32, #hivm.address_space<ub>>
        %alloc_23 = memref.alloc() {alignment = 64 : i64} : memref<8192xf32, #hivm.address_space<ub>>
        func.call @_candidate_mmq_style_norm_after_attn_kernel_outlined_vf_4(%alloc_19, %alloc_8, %alloc_20, %alloc, %alloc_15, %alloc_22, %alloc_23) {hivm.vector_function, no_inline} : (memref<8192xf32, #hivm.address_space<ub>>, memref<8192xf32, #hivm.address_space<ub>>, memref<1xf32, #hivm.address_space<ub>>, memref<1xf32, #hivm.address_space<ub>>, memref<8192xf32, #hivm.address_space<ub>>, memref<8192xf32, #hivm.address_space<ub>>, memref<8192xf32, #hivm.address_space<ub>>) -> ()
        memref.store %cst_1, %alloc_21[] : memref<f32, #hivm.address_space<ub>>
        func.call @_candidate_mmq_style_norm_after_attn_kernel_outlined_vf_5(%alloc_23, %alloc_21) {hivm.vector_function, no_inline} : (memref<8192xf32, #hivm.address_space<ub>>, memref<f32, #hivm.address_space<ub>>) -> ()
        %9 = memref.load %alloc_21[] : memref<f32, #hivm.address_space<ub>>
        %10 = arith.divf %9, %cst : f32
        %alloc_24 = memref.alloc() {alignment = 64 : i64} : memref<1xf32, #hivm.address_space<ub>>
        memref.store %10, %alloc_24[%c0] : memref<1xf32, #hivm.address_space<ub>>
        %alloc_25 = memref.alloc() {alignment = 64 : i64} : memref<8192xf32, #hivm.address_space<ub>>
        annotation.mark %alloc_25 {hivm.multi_buffer = 2 : i32} : memref<8192xf32, #hivm.address_space<ub>>
        func.call @_candidate_mmq_style_norm_after_attn_kernel_outlined_vf_6(%alloc_23, %alloc_9, %alloc_24, %alloc, %alloc_25) {hivm.vector_function, no_inline} : (memref<8192xf32, #hivm.address_space<ub>>, memref<8192xf32, #hivm.address_space<ub>>, memref<1xf32, #hivm.address_space<ub>>, memref<1xf32, #hivm.address_space<ub>>, memref<8192xf32, #hivm.address_space<ub>>) -> ()
        %reinterpret_cast_26 = memref.reinterpret_cast %arg7 to offset: [%6], sizes: [8192], strides: [1] : memref<?xf32, #hivm.address_space<gm>> to memref<8192xf32, strided<[1], offset: ?>, #hivm.address_space<gm>>
        %subview_27 = memref.subview %alloc_22[0] [2048] [1] : memref<8192xf32, #hivm.address_space<ub>> to memref<2048xf32, strided<[1]>, #hivm.address_space<ub>>
        %subview_28 = memref.subview %reinterpret_cast_26[0] [2048] [1] : memref<8192xf32, strided<[1], offset: ?>, #hivm.address_space<gm>> to memref<2048xf32, strided<[1], offset: ?>, #hivm.address_space<gm>>
        hivm.hir.store ins(%subview_27 : memref<2048xf32, strided<[1]>, #hivm.address_space<ub>>) outs(%subview_28 : memref<2048xf32, strided<[1], offset: ?>, #hivm.address_space<gm>>)
        %reinterpret_cast_29 = memref.reinterpret_cast %arg8 to offset: [%6], sizes: [8192], strides: [1] : memref<?xf32, #hivm.address_space<gm>> to memref<8192xf32, strided<[1], offset: ?>, #hivm.address_space<gm>>
        %subview_30 = memref.subview %alloc_25[0] [2048] [1] : memref<8192xf32, #hivm.address_space<ub>> to memref<2048xf32, strided<[1]>, #hivm.address_space<ub>>
        %subview_31 = memref.subview %reinterpret_cast_29[0] [2048] [1] : memref<8192xf32, strided<[1], offset: ?>, #hivm.address_space<gm>> to memref<2048xf32, strided<[1], offset: ?>, #hivm.address_space<gm>>
        hivm.hir.store ins(%subview_30 : memref<2048xf32, strided<[1]>, #hivm.address_space<ub>>) outs(%subview_31 : memref<2048xf32, strided<[1], offset: ?>, #hivm.address_space<gm>>)
        %reinterpret_cast_32 = memref.reinterpret_cast %arg6 to offset: [%6], sizes: [8192], strides: [1] : memref<?xbf16, #hivm.address_space<gm>> to memref<8192xbf16, strided<[1], offset: ?>, #hivm.address_space<gm>>
        %alloc_33 = memref.alloc() {alignment = 64 : i64} : memref<8192xbf16, #hivm.address_space<ub>>
        annotation.mark %alloc_33 {hivm.multi_buffer = 2 : i32} : memref<8192xbf16, #hivm.address_space<ub>>
        func.call @_candidate_mmq_style_norm_after_attn_kernel_outlined_vf_7(%alloc_25, %alloc_33) {hivm.vector_function, no_inline} : (memref<8192xf32, #hivm.address_space<ub>>, memref<8192xbf16, #hivm.address_space<ub>>) -> ()
        %subview_34 = memref.subview %alloc_33[0] [2048] [1] : memref<8192xbf16, #hivm.address_space<ub>> to memref<2048xbf16, strided<[1]>, #hivm.address_space<ub>>
        %subview_35 = memref.subview %reinterpret_cast_32[0] [2048] [1] : memref<8192xbf16, strided<[1], offset: ?>, #hivm.address_space<gm>> to memref<2048xbf16, strided<[1], offset: ?>, #hivm.address_space<gm>>
        hivm.hir.store ins(%subview_34 : memref<2048xbf16, strided<[1]>, #hivm.address_space<ub>>) outs(%subview_35 : memref<2048xbf16, strided<[1], offset: ?>, #hivm.address_space<gm>>)
      } {tt.num_stages = 2 : i32}
      hivm.hir.set_ctrl true at ctrl[60]
    } {autoblockify.subloop}
    return
  }
}


// -----// IR Dump After PlanMemory Failed (hivm-plan-memory) //----- //
#map = affine_map<(d0) -> (0)>
module attributes {dlti.target_system_spec = #dlti.target_system_spec<"NPU" : #hacc.target_device_spec<#dlti.dl_entry<"AI_CORE_COUNT", 28 : i32>, #dlti.dl_entry<"CUBE_CORE_COUNT", 28 : i32>, #dlti.dl_entry<"VECTOR_CORE_COUNT", 56 : i32>, #dlti.dl_entry<"UB_SIZE", 2031616 : i32>, #dlti.dl_entry<"L1_SIZE", 4194304 : i32>, #dlti.dl_entry<"L0A_SIZE", 524288 : i32>, #dlti.dl_entry<"L0B_SIZE", 524288 : i32>, #dlti.dl_entry<"L0C_SIZE", 2097152 : i32>, #dlti.dl_entry<"UB_ALIGN_SIZE", 256 : i32>, #dlti.dl_entry<"L1_ALIGN_SIZE", 256 : i32>, #dlti.dl_entry<"L0C_ALIGN_SIZE", 4096 : i32>, #dlti.dl_entry<"MINIMAL_D_CACHE_SIZE", 262144 : i32>, #dlti.dl_entry<"MAXIMUM_D_CACHE_SIZE", 983040 : i32>, #dlti.dl_entry<"ARCH", "dav-c310">>>, hacc.target = #hacc.target<"Ascend950PR_957b">, hivm.module_core_type = #hivm.module_core_type<AIV>} {
  func.func @_candidate_mmq_style_norm_after_attn_kernel_outlined_vf_0(%arg0: memref<8192xbf16, #hivm.address_space<ub>>) attributes {hivm.func_core_type = #hivm.func_core_type<AIV>, hivm.vector_function, no_inline} {
    %cst = arith.constant dense<0.000000e+00> : vector<128xbf16>
    %c128 = arith.constant 128 : index
    %c8192 = arith.constant 8192 : index
    %c0 = arith.constant 0 : index
    scf.for %arg1 = %c0 to %c8192 step %c128 {
      %subview = memref.subview %arg0[%arg1] [128] [1] : memref<8192xbf16, #hivm.address_space<ub>> to memref<128xbf16, strided<[1], offset: ?>, #hivm.address_space<ub>>
      vector.transfer_write %cst, %subview[%c0] {in_bounds = [true]} : vector<128xbf16>, memref<128xbf16, strided<[1], offset: ?>, #hivm.address_space<ub>>
    }
    return
  }
  func.func @_candidate_mmq_style_norm_after_attn_kernel_outlined_vf_1(%arg0: memref<8192xf32, #hivm.address_space<ub>>) attributes {hivm.func_core_type = #hivm.func_core_type<AIV>, hivm.vector_function, no_inline} {
    %cst = arith.constant dense<0.000000e+00> : vector<64xf32>
    %c64 = arith.constant 64 : index
    %c8192 = arith.constant 8192 : index
    %c0 = arith.constant 0 : index
    scf.for %arg1 = %c0 to %c8192 step %c64 {
      %subview = memref.subview %arg0[%arg1] [64] [1] : memref<8192xf32, #hivm.address_space<ub>> to memref<64xf32, strided<[1], offset: ?>, #hivm.address_space<ub>>
      vector.transfer_write %cst, %subview[%c0] {in_bounds = [true]} : vector<64xf32>, memref<64xf32, strided<[1], offset: ?>, #hivm.address_space<ub>>
    }
    return
  }
  func.func @_candidate_mmq_style_norm_after_attn_kernel_outlined_vf_2(%arg0: memref<8192xbf16, #hivm.address_space<ub>>, %arg1: memref<8192xf32, #hivm.address_space<ub>>) attributes {hivm.func_core_type = #hivm.func_core_type<AIV>, hivm.vector_function, no_inline} {
    %cst = arith.constant 0.000000e+00 : bf16
    %c64 = arith.constant 64 : index
    %c8192 = arith.constant 8192 : index
    %c0 = arith.constant 0 : index
    scf.for %arg2 = %c0 to %c8192 step %c64 {
      %subview = memref.subview %arg0[%arg2] [64] [1] : memref<8192xbf16, #hivm.address_space<ub>> to memref<64xbf16, strided<[1], offset: ?>, #hivm.address_space<ub>>
      %subview_0 = memref.subview %arg1[%arg2] [64] [1] : memref<8192xf32, #hivm.address_space<ub>> to memref<64xf32, strided<[1], offset: ?>, #hivm.address_space<ub>>
      %0 = vector.transfer_read %subview[%c0], %cst {in_bounds = [true]} : memref<64xbf16, strided<[1], offset: ?>, #hivm.address_space<ub>>, vector<64xbf16>
      %1 = arith.extf %0 {enable_saturate = false, round_mode = #hfusion.round_mode<rint>, unsigned_mode = #hfusion.unsigned_mode<si2si>} : vector<64xbf16> to vector<64xf32>
      vector.transfer_write %1, %subview_0[%c0] {in_bounds = [true]} : vector<64xf32>, memref<64xf32, strided<[1], offset: ?>, #hivm.address_space<ub>>
    }
    return
  }
  func.func @_candidate_mmq_style_norm_after_attn_kernel_outlined_vf_3(%arg0: memref<8192xf32, #hivm.address_space<ub>>, %arg1: memref<f32, #hivm.address_space<ub>>) attributes {hivm.func_core_type = #hivm.func_core_type<AIV>, hivm.vector_function, no_inline} {
    %cst = arith.constant 0.000000e+00 : f32
    %c64 = arith.constant 64 : index
    %c8192 = arith.constant 8192 : index
    %c0 = arith.constant 0 : index
    %0 = vector.transfer_read %arg1[], %cst : memref<f32, #hivm.address_space<ub>>, vector<f32>
    %1 = scf.for %arg2 = %c0 to %c8192 step %c64 iter_args(%arg3 = %0) -> (vector<f32>) {
      %subview = memref.subview %arg0[%arg2] [64] [1] : memref<8192xf32, #hivm.address_space<ub>> to memref<64xf32, strided<[1], offset: ?>, #hivm.address_space<ub>>
      %2 = vector.transfer_read %subview[%c0], %cst {in_bounds = [true]} : memref<64xf32, strided<[1], offset: ?>, #hivm.address_space<ub>>, vector<64xf32>
      %3 = vector.extractelement %arg3[] : vector<f32>
      %4 = arith.mulf %2, %2 : vector<64xf32>
      %5 = vector.multi_reduction <add>, %4, %3 [0] : vector<64xf32> to f32
      %6 = vector.broadcast %5 : f32 to vector<f32>
      scf.yield %6 : vector<f32>
    }
    vector.transfer_write %1, %arg1[] : vector<f32>, memref<f32, #hivm.address_space<ub>>
    return
  }
  func.func @_candidate_mmq_style_norm_after_attn_kernel_outlined_vf_4(%arg0: memref<8192xf32, #hivm.address_space<ub>>, %arg1: memref<8192xf32, #hivm.address_space<ub>>, %arg2: memref<8192xf32, #hivm.address_space<ub>>, %arg3: memref<1xf32, #hivm.address_space<ub>>, %arg4: memref<1xf32, #hivm.address_space<ub>>, %arg5: memref<8192xf32, #hivm.address_space<ub>>, %arg6: memref<8192xf32, #hivm.address_space<ub>>) attributes {hivm.func_core_type = #hivm.func_core_type<AIV>, hivm.vector_function, no_inline} {
    %cst = arith.constant dense<1.000000e+00> : vector<64xf32>
    %cst_0 = arith.constant 0.000000e+00 : f32
    %c64 = arith.constant 64 : index
    %c8192 = arith.constant 8192 : index
    %c0 = arith.constant 0 : index
    scf.for %arg7 = %c0 to %c8192 step %c64 {
      %subview = memref.subview %arg0[%arg7] [64] [1] : memref<8192xf32, #hivm.address_space<ub>> to memref<64xf32, strided<[1], offset: ?>, #hivm.address_space<ub>>
      %subview_1 = memref.subview %arg1[%arg7] [64] [1] : memref<8192xf32, #hivm.address_space<ub>> to memref<64xf32, strided<[1], offset: ?>, #hivm.address_space<ub>>
      %subview_2 = memref.subview %arg2[%arg7] [64] [1] : memref<8192xf32, #hivm.address_space<ub>> to memref<64xf32, strided<[1], offset: ?>, #hivm.address_space<ub>>
      %subview_3 = memref.subview %arg5[%arg7] [64] [1] : memref<8192xf32, #hivm.address_space<ub>> to memref<64xf32, strided<[1], offset: ?>, #hivm.address_space<ub>>
      %0 = vector.transfer_read %subview[%c0], %cst_0 {in_bounds = [true]} : memref<64xf32, strided<[1], offset: ?>, #hivm.address_space<ub>>, vector<64xf32>
      %1 = vector.transfer_read %arg3[%c0], %cst_0 {in_bounds = [true], permutation_map = #map} : memref<1xf32, #hivm.address_space<ub>>, vector<64xf32>
      %2 = vector.transfer_read %arg4[%c0], %cst_0 {in_bounds = [true], permutation_map = #map} : memref<1xf32, #hivm.address_space<ub>>, vector<64xf32>
      %3 = vector.transfer_read %subview_1[%c0], %cst_0 {in_bounds = [true]} : memref<64xf32, strided<[1], offset: ?>, #hivm.address_space<ub>>, vector<64xf32>
      %4 = vector.transfer_read %subview_2[%c0], %cst_0 {in_bounds = [true]} : memref<64xf32, strided<[1], offset: ?>, #hivm.address_space<ub>>, vector<64xf32>
      %5 = arith.addf %1, %2 : vector<64xf32>
      %6 = math.sqrt %5 : vector<64xf32>
      %7 = arith.divf %cst, %6 : vector<64xf32>
      %8 = arith.mulf %0, %7 : vector<64xf32>
      %9 = arith.mulf %8, %3 : vector<64xf32>
      %10 = arith.truncf %9 {enable_saturate = false, round_mode = #hfusion.round_mode<rint>, unsigned_mode = #hfusion.unsigned_mode<si2si>} : vector<64xf32> to vector<64xbf16>
      %11 = arith.extf %10 {enable_saturate = false, round_mode = #hfusion.round_mode<rint>, unsigned_mode = #hfusion.unsigned_mode<si2si>} : vector<64xbf16> to vector<64xf32>
      %12 = arith.addf %11, %4 : vector<64xf32>
      vector.transfer_write %12, %subview_3[%c0] {in_bounds = [true]} : vector<64xf32>, memref<64xf32, strided<[1], offset: ?>, #hivm.address_space<ub>>
    }
    scf.for %arg7 = %c0 to %c8192 step %c64 {
      %subview = memref.subview %arg5[%arg7] [64] [1] : memref<8192xf32, #hivm.address_space<ub>> to memref<64xf32, strided<[1], offset: ?>, #hivm.address_space<ub>>
      %subview_1 = memref.subview %arg6[%arg7] [64] [1] : memref<8192xf32, #hivm.address_space<ub>> to memref<64xf32, strided<[1], offset: ?>, #hivm.address_space<ub>>
      %0 = vector.transfer_read %subview[%c0], %cst_0 {in_bounds = [true]} : memref<64xf32, strided<[1], offset: ?>, #hivm.address_space<ub>>, vector<64xf32>
      %1 = arith.truncf %0 {enable_saturate = false, round_mode = #hfusion.round_mode<rint>, unsigned_mode = #hfusion.unsigned_mode<si2si>} : vector<64xf32> to vector<64xbf16>
      %2 = arith.extf %1 {enable_saturate = false, round_mode = #hfusion.round_mode<rint>, unsigned_mode = #hfusion.unsigned_mode<si2si>} : vector<64xbf16> to vector<64xf32>
      vector.transfer_write %2, %subview_1[%c0] {in_bounds = [true]} : vector<64xf32>, memref<64xf32, strided<[1], offset: ?>, #hivm.address_space<ub>>
    }
    return
  }
  func.func @_candidate_mmq_style_norm_after_attn_kernel_outlined_vf_5(%arg0: memref<8192xf32, #hivm.address_space<ub>>, %arg1: memref<f32, #hivm.address_space<ub>>) attributes {hivm.func_core_type = #hivm.func_core_type<AIV>, hivm.vector_function, no_inline} {
    %cst = arith.constant 0.000000e+00 : f32
    %c64 = arith.constant 64 : index
    %c8192 = arith.constant 8192 : index
    %c0 = arith.constant 0 : index
    %0 = vector.transfer_read %arg1[], %cst : memref<f32, #hivm.address_space<ub>>, vector<f32>
    %1 = scf.for %arg2 = %c0 to %c8192 step %c64 iter_args(%arg3 = %0) -> (vector<f32>) {
      %subview = memref.subview %arg0[%arg2] [64] [1] : memref<8192xf32, #hivm.address_space<ub>> to memref<64xf32, strided<[1], offset: ?>, #hivm.address_space<ub>>
      %2 = vector.transfer_read %subview[%c0], %cst {in_bounds = [true]} : memref<64xf32, strided<[1], offset: ?>, #hivm.address_space<ub>>, vector<64xf32>
      %3 = vector.extractelement %arg3[] : vector<f32>
      %4 = arith.mulf %2, %2 : vector<64xf32>
      %5 = vector.multi_reduction <add>, %4, %3 [0] : vector<64xf32> to f32
      %6 = vector.broadcast %5 : f32 to vector<f32>
      scf.yield %6 : vector<f32>
    }
    vector.transfer_write %1, %arg1[] : vector<f32>, memref<f32, #hivm.address_space<ub>>
    return
  }
  func.func @_candidate_mmq_style_norm_after_attn_kernel_outlined_vf_6(%arg0: memref<8192xf32, #hivm.address_space<ub>>, %arg1: memref<8192xf32, #hivm.address_space<ub>>, %arg2: memref<1xf32, #hivm.address_space<ub>>, %arg3: memref<1xf32, #hivm.address_space<ub>>, %arg4: memref<8192xf32, #hivm.address_space<ub>>) attributes {hivm.func_core_type = #hivm.func_core_type<AIV>, hivm.vector_function, no_inline} {
    %cst = arith.constant dense<1.000000e+00> : vector<64xf32>
    %cst_0 = arith.constant 0.000000e+00 : f32
    %c64 = arith.constant 64 : index
    %c8192 = arith.constant 8192 : index
    %c0 = arith.constant 0 : index
    scf.for %arg5 = %c0 to %c8192 step %c64 {
      %subview = memref.subview %arg0[%arg5] [64] [1] : memref<8192xf32, #hivm.address_space<ub>> to memref<64xf32, strided<[1], offset: ?>, #hivm.address_space<ub>>
      %subview_1 = memref.subview %arg1[%arg5] [64] [1] : memref<8192xf32, #hivm.address_space<ub>> to memref<64xf32, strided<[1], offset: ?>, #hivm.address_space<ub>>
      %subview_2 = memref.subview %arg4[%arg5] [64] [1] : memref<8192xf32, #hivm.address_space<ub>> to memref<64xf32, strided<[1], offset: ?>, #hivm.address_space<ub>>
      %0 = vector.transfer_read %subview[%c0], %cst_0 {in_bounds = [true]} : memref<64xf32, strided<[1], offset: ?>, #hivm.address_space<ub>>, vector<64xf32>
      %1 = vector.transfer_read %arg2[%c0], %cst_0 {in_bounds = [true], permutation_map = #map} : memref<1xf32, #hivm.address_space<ub>>, vector<64xf32>
      %2 = vector.transfer_read %arg3[%c0], %cst_0 {in_bounds = [true], permutation_map = #map} : memref<1xf32, #hivm.address_space<ub>>, vector<64xf32>
      %3 = vector.transfer_read %subview_1[%c0], %cst_0 {in_bounds = [true]} : memref<64xf32, strided<[1], offset: ?>, #hivm.address_space<ub>>, vector<64xf32>
      %4 = arith.addf %1, %2 : vector<64xf32>
      %5 = math.sqrt %4 : vector<64xf32>
      %6 = arith.divf %cst, %5 : vector<64xf32>
      %7 = arith.mulf %0, %6 : vector<64xf32>
      %8 = arith.mulf %7, %3 : vector<64xf32>
      vector.transfer_write %8, %subview_2[%c0] {in_bounds = [true]} : vector<64xf32>, memref<64xf32, strided<[1], offset: ?>, #hivm.address_space<ub>>
    }
    return
  }
  func.func @_candidate_mmq_style_norm_after_attn_kernel_outlined_vf_7(%arg0: memref<8192xf32, #hivm.address_space<ub>>, %arg1: memref<8192xbf16, #hivm.address_space<ub>>) attributes {hivm.func_core_type = #hivm.func_core_type<AIV>, hivm.vector_function, no_inline} {
    %cst = arith.constant 0.000000e+00 : f32
    %c64 = arith.constant 64 : index
    %c8192 = arith.constant 8192 : index
    %c0 = arith.constant 0 : index
    scf.for %arg2 = %c0 to %c8192 step %c64 {
      %subview = memref.subview %arg0[%arg2] [64] [1] : memref<8192xf32, #hivm.address_space<ub>> to memref<64xf32, strided<[1], offset: ?>, #hivm.address_space<ub>>
      %subview_0 = memref.subview %arg1[%arg2] [64] [1] : memref<8192xbf16, #hivm.address_space<ub>> to memref<64xbf16, strided<[1], offset: ?>, #hivm.address_space<ub>>
      %0 = vector.transfer_read %subview[%c0], %cst {in_bounds = [true]} : memref<64xf32, strided<[1], offset: ?>, #hivm.address_space<ub>>, vector<64xf32>
      %1 = arith.truncf %0 {enable_saturate = false, round_mode = #hfusion.round_mode<rint>, unsigned_mode = #hfusion.unsigned_mode<si2si>} : vector<64xf32> to vector<64xbf16>
      vector.transfer_write %1, %subview_0[%c0] {in_bounds = [true]} : vector<64xbf16>, memref<64xbf16, strided<[1], offset: ?>, #hivm.address_space<ub>>
    }
    return
  }
  func.func @_candidate_mmq_style_norm_after_attn_kernel_outlined_vf_8(%arg0: memref<8192xbf16, #hivm.address_space<ub>>) attributes {hivm.func_core_type = #hivm.func_core_type<AIV>, hivm.vector_function, no_inline} {
    %cst = arith.constant dense<0.000000e+00> : vector<128xbf16>
    %c128 = arith.constant 128 : index
    %c8192 = arith.constant 8192 : index
    %c0 = arith.constant 0 : index
    scf.for %arg1 = %c0 to %c8192 step %c128 {
      %subview = memref.subview %arg0[%arg1] [128] [1] : memref<8192xbf16, #hivm.address_space<ub>> to memref<128xbf16, strided<[1], offset: ?>, #hivm.address_space<ub>>
      vector.transfer_write %cst, %subview[%c0] {in_bounds = [true]} : vector<128xbf16>, memref<128xbf16, strided<[1], offset: ?>, #hivm.address_space<ub>>
    }
    return
  }
  func.func @_candidate_mmq_style_norm_after_attn_kernel_outlined_vf_9(%arg0: memref<8192xbf16, #hivm.address_space<ub>>) attributes {hivm.func_core_type = #hivm.func_core_type<AIV>, hivm.vector_function, no_inline} {
    %cst = arith.constant dense<0.000000e+00> : vector<128xbf16>
    %c128 = arith.constant 128 : index
    %c8192 = arith.constant 8192 : index
    %c0 = arith.constant 0 : index
    scf.for %arg1 = %c0 to %c8192 step %c128 {
      %subview = memref.subview %arg0[%arg1] [128] [1] : memref<8192xbf16, #hivm.address_space<ub>> to memref<128xbf16, strided<[1], offset: ?>, #hivm.address_space<ub>>
      vector.transfer_write %cst, %subview[%c0] {in_bounds = [true]} : vector<128xbf16>, memref<128xbf16, strided<[1], offset: ?>, #hivm.address_space<ub>>
    }
    return
  }
  func.func @_candidate_mmq_style_norm_after_attn_kernel_outlined_vf_10(%arg0: memref<8192xbf16, #hivm.address_space<ub>>, %arg1: memref<8192xbf16, #hivm.address_space<ub>>, %arg2: memref<8192xf32, #hivm.address_space<ub>>, %arg3: memref<8192xf32, #hivm.address_space<ub>>) attributes {hivm.func_core_type = #hivm.func_core_type<AIV>, hivm.vector_function, no_inline} {
    %cst = arith.constant 0.000000e+00 : bf16
    %c64 = arith.constant 64 : index
    %c8192 = arith.constant 8192 : index
    %c0 = arith.constant 0 : index
    scf.for %arg4 = %c0 to %c8192 step %c64 {
      %subview = memref.subview %arg0[%arg4] [64] [1] : memref<8192xbf16, #hivm.address_space<ub>> to memref<64xbf16, strided<[1], offset: ?>, #hivm.address_space<ub>>
      %subview_0 = memref.subview %arg2[%arg4] [64] [1] : memref<8192xf32, #hivm.address_space<ub>> to memref<64xf32, strided<[1], offset: ?>, #hivm.address_space<ub>>
      %0 = vector.transfer_read %subview[%c0], %cst {in_bounds = [true]} : memref<64xbf16, strided<[1], offset: ?>, #hivm.address_space<ub>>, vector<64xbf16>
      %1 = arith.extf %0 {enable_saturate = false, round_mode = #hfusion.round_mode<rint>, unsigned_mode = #hfusion.unsigned_mode<si2si>} : vector<64xbf16> to vector<64xf32>
      vector.transfer_write %1, %subview_0[%c0] {in_bounds = [true]} : vector<64xf32>, memref<64xf32, strided<[1], offset: ?>, #hivm.address_space<ub>>
      %subview_1 = memref.subview %arg1[%arg4] [64] [1] : memref<8192xbf16, #hivm.address_space<ub>> to memref<64xbf16, strided<[1], offset: ?>, #hivm.address_space<ub>>
      %subview_2 = memref.subview %arg3[%arg4] [64] [1] : memref<8192xf32, #hivm.address_space<ub>> to memref<64xf32, strided<[1], offset: ?>, #hivm.address_space<ub>>
      %2 = vector.transfer_read %subview_1[%c0], %cst {in_bounds = [true]} : memref<64xbf16, strided<[1], offset: ?>, #hivm.address_space<ub>>, vector<64xbf16>
      %3 = arith.extf %2 {enable_saturate = false, round_mode = #hfusion.round_mode<rint>, unsigned_mode = #hfusion.unsigned_mode<si2si>} : vector<64xbf16> to vector<64xf32>
      vector.transfer_write %3, %subview_2[%c0] {in_bounds = [true]} : vector<64xf32>, memref<64xf32, strided<[1], offset: ?>, #hivm.address_space<ub>>
    }
    return
  }
  func.func @_candidate_mmq_style_norm_after_attn_kernel(%arg0: memref<?xi8, #hivm.address_space<gm>> {hacc.arg_type = #hacc.arg_type<sync_block_lock>}, %arg1: memref<?xi8, #hivm.address_space<gm>> {hacc.arg_type = #hacc.arg_type<workspace>}, %arg2: memref<?xbf16, #hivm.address_space<gm>> {tt.divisibility = 16 : i32, tt.tensor_kind = 0 : i32}, %arg3: memref<?xf32, #hivm.address_space<gm>> {tt.divisibility = 16 : i32, tt.tensor_kind = 0 : i32}, %arg4: memref<?xbf16, #hivm.address_space<gm>> {tt.divisibility = 16 : i32, tt.tensor_kind = 0 : i32}, %arg5: memref<?xbf16, #hivm.address_space<gm>> {tt.divisibility = 16 : i32, tt.tensor_kind = 0 : i32}, %arg6: memref<?xbf16, #hivm.address_space<gm>> {tt.divisibility = 16 : i32, tt.tensor_kind = 1 : i32}, %arg7: memref<?xf32, #hivm.address_space<gm>> {tt.divisibility = 16 : i32, tt.tensor_kind = 1 : i32}, %arg8: memref<?xf32, #hivm.address_space<gm>> {tt.divisibility = 16 : i32, tt.tensor_kind = 1 : i32}, %arg9: i32, %arg10: f32, %arg11: i32, %arg12: i32, %arg13: i32) attributes {SyncBlockLockArgIdx = 0 : i64, WorkspaceArgIdx = 1 : i64, func_dyn_memref_args = dense<[true, true, true, true, true, true, true, true, true, false, false, false, false, false]> : vector<14xi1>, hacc.entry, hacc.function_kind = #hacc.function_kind<DEVICE>, hivm.func_core_type = #hivm.func_core_type<AIV>, hivm.vf_mode = #hivm.vf_mode<SIMD>, mix_mode = "aiv", parallel_mode = "simd"} {
    %cst = arith.constant 2.048000e+03 : f32
    %c2048_i32 = arith.constant 2048 : i32
    %c0 = arith.constant 0 : index
    %cst_0 = arith.constant 0.000000e+00 : bf16
    %cst_1 = arith.constant 0.000000e+00 : f32
    %c56_i32 = arith.constant 56 : i32
    %0 = arith.muli %arg11, %arg12 : i32
    %1 = arith.muli %0, %arg13 : i32
    annotation.mark %1 {logical_block_num} : i32
    %2 = hivm.hir.get_block_idx -> i64
    %3 = arith.trunci %2 : i64 to i32
    %reinterpret_cast = memref.reinterpret_cast %arg4 to offset: [0], sizes: [8192], strides: [1] : memref<?xbf16, #hivm.address_space<gm>> to memref<8192xbf16, strided<[1]>, #hivm.address_space<gm>>
    %subview = memref.subview %reinterpret_cast[0] [2048] [1] : memref<8192xbf16, strided<[1]>, #hivm.address_space<gm>> to memref<2048xbf16, #hivm.address_space<gm>>
    %reinterpret_cast_2 = memref.reinterpret_cast %arg5 to offset: [0], sizes: [8192], strides: [1] : memref<?xbf16, #hivm.address_space<gm>> to memref<8192xbf16, strided<[1]>, #hivm.address_space<gm>>
    %subview_3 = memref.subview %reinterpret_cast_2[0] [2048] [1] : memref<8192xbf16, strided<[1]>, #hivm.address_space<gm>> to memref<2048xbf16, #hivm.address_space<gm>>
    %alloc = memref.alloc() {alignment = 64 : i64} : memref<1xf32, #hivm.address_space<ub>>
    memref.store %arg10, %alloc[%c0] : memref<1xf32, #hivm.address_space<ub>>
    scf.for %arg14 = %3 to %1 step %c56_i32  : i32 {
      hivm.hir.set_ctrl false at ctrl[60]
      hivm.hir.set_ctrl true at ctrl[48]
      %4 = arith.remsi %arg14, %arg11 : i32
      %alloc_4 = memref.alloc() : memref<8192xbf16, #hivm.address_space<ub>>
      annotation.mark %alloc_4 {hivm.multi_buffer = 2 : i32} : memref<8192xbf16, #hivm.address_space<ub>>
      func.call @_candidate_mmq_style_norm_after_attn_kernel_outlined_vf_8(%alloc_4) {hivm.vector_function, no_inline} : (memref<8192xbf16, #hivm.address_space<ub>>) -> ()
      %subview_5 = memref.subview %alloc_4[0] [2048] [1] : memref<8192xbf16, #hivm.address_space<ub>> to memref<2048xbf16, #hivm.address_space<ub>>
      hivm.hir.load ins(%subview : memref<2048xbf16, #hivm.address_space<gm>>) outs(%subview_5 : memref<2048xbf16, #hivm.address_space<ub>>) pad_mode = <PadValue> pad_value = %cst_0 : bf16 left_padding_num = %c0 : index eviction_policy = <EvictFirst> core_type = <VECTOR>
      %alloc_6 = memref.alloc() : memref<8192xbf16, #hivm.address_space<ub>>
      annotation.mark %alloc_6 {hivm.multi_buffer = 2 : i32} : memref<8192xbf16, #hivm.address_space<ub>>
      func.call @_candidate_mmq_style_norm_after_attn_kernel_outlined_vf_9(%alloc_6) {hivm.vector_function, no_inline} : (memref<8192xbf16, #hivm.address_space<ub>>) -> ()
      %subview_7 = memref.subview %alloc_6[0] [2048] [1] : memref<8192xbf16, #hivm.address_space<ub>> to memref<2048xbf16, #hivm.address_space<ub>>
      hivm.hir.load ins(%subview_3 : memref<2048xbf16, #hivm.address_space<gm>>) outs(%subview_7 : memref<2048xbf16, #hivm.address_space<ub>>) pad_mode = <PadValue> pad_value = %cst_0 : bf16 left_padding_num = %c0 : index eviction_policy = <EvictFirst> core_type = <VECTOR>
      %alloc_8 = memref.alloc() {alignment = 64 : i64} : memref<8192xf32, #hivm.address_space<ub>>
      %alloc_9 = memref.alloc() {alignment = 64 : i64} : memref<8192xf32, #hivm.address_space<ub>>
      func.call @_candidate_mmq_style_norm_after_attn_kernel_outlined_vf_10(%alloc_4, %alloc_6, %alloc_8, %alloc_9) {hivm.vector_function, no_inline} : (memref<8192xbf16, #hivm.address_space<ub>>, memref<8192xbf16, #hivm.address_space<ub>>, memref<8192xf32, #hivm.address_space<ub>>, memref<8192xf32, #hivm.address_space<ub>>) -> ()
      scf.for %arg15 = %4 to %arg9 step %arg11  : i32 {
        %5 = arith.muli %arg15, %c2048_i32 : i32
        %6 = arith.index_cast %5 : i32 to index
        %reinterpret_cast_10 = memref.reinterpret_cast %arg2 to offset: [%6], sizes: [8192], strides: [1] : memref<?xbf16, #hivm.address_space<gm>> to memref<8192xbf16, strided<[1], offset: ?>, #hivm.address_space<gm>>
        %alloc_11 = memref.alloc() : memref<8192xbf16, #hivm.address_space<ub>>
        annotation.mark %alloc_11 {hivm.multi_buffer = 2 : i32} : memref<8192xbf16, #hivm.address_space<ub>>
        func.call @_candidate_mmq_style_norm_after_attn_kernel_outlined_vf_0(%alloc_11) {hivm.vector_function, no_inline} : (memref<8192xbf16, #hivm.address_space<ub>>) -> ()
        %subview_12 = memref.subview %reinterpret_cast_10[0] [2048] [1] : memref<8192xbf16, strided<[1], offset: ?>, #hivm.address_space<gm>> to memref<2048xbf16, strided<[1], offset: ?>, #hivm.address_space<gm>>
        %subview_13 = memref.subview %alloc_11[0] [2048] [1] : memref<8192xbf16, #hivm.address_space<ub>> to memref<2048xbf16, #hivm.address_space<ub>>
        hivm.hir.load ins(%subview_12 : memref<2048xbf16, strided<[1], offset: ?>, #hivm.address_space<gm>>) outs(%subview_13 : memref<2048xbf16, #hivm.address_space<ub>>) pad_mode = <PadValue> pad_value = %cst_0 : bf16 left_padding_num = %c0 : index eviction_policy = <EvictFirst> core_type = <VECTOR>
        %reinterpret_cast_14 = memref.reinterpret_cast %arg3 to offset: [%6], sizes: [8192], strides: [1] : memref<?xf32, #hivm.address_space<gm>> to memref<8192xf32, strided<[1], offset: ?>, #hivm.address_space<gm>>
        %alloc_15 = memref.alloc() : memref<8192xf32, #hivm.address_space<ub>>
        annotation.mark %alloc_15 {hivm.multi_buffer = 2 : i32} : memref<8192xf32, #hivm.address_space<ub>>
        func.call @_candidate_mmq_style_norm_after_attn_kernel_outlined_vf_1(%alloc_15) {hivm.vector_function, no_inline} : (memref<8192xf32, #hivm.address_space<ub>>) -> ()
        %subview_16 = memref.subview %reinterpret_cast_14[0] [2048] [1] : memref<8192xf32, strided<[1], offset: ?>, #hivm.address_space<gm>> to memref<2048xf32, strided<[1], offset: ?>, #hivm.address_space<gm>>
        %subview_17 = memref.subview %alloc_15[0] [2048] [1] : memref<8192xf32, #hivm.address_space<ub>> to memref<2048xf32, #hivm.address_space<ub>>
        hivm.hir.load ins(%subview_16 : memref<2048xf32, strided<[1], offset: ?>, #hivm.address_space<gm>>) outs(%subview_17 : memref<2048xf32, #hivm.address_space<ub>>) pad_mode = <PadValue> pad_value = %cst_1 : f32 left_padding_num = %c0 : index eviction_policy = <EvictFirst> core_type = <VECTOR>
        %alloc_18 = memref.alloc() {alignment = 64 : i64} : memref<8192xf32, #hivm.address_space<ub>>
        func.call @_candidate_mmq_style_norm_after_attn_kernel_outlined_vf_2(%alloc_11, %alloc_18) {hivm.vector_function, no_inline} : (memref<8192xbf16, #hivm.address_space<ub>>, memref<8192xf32, #hivm.address_space<ub>>) -> ()
        %alloc_19 = memref.alloc() {alignment = 64 : i64} : memref<f32, #hivm.address_space<ub>>
        memref.store %cst_1, %alloc_19[] : memref<f32, #hivm.address_space<ub>>
        func.call @_candidate_mmq_style_norm_after_attn_kernel_outlined_vf_3(%alloc_18, %alloc_19) {hivm.vector_function, no_inline} : (memref<8192xf32, #hivm.address_space<ub>>, memref<f32, #hivm.address_space<ub>>) -> ()
        %7 = memref.load %alloc_19[] : memref<f32, #hivm.address_space<ub>>
        %8 = arith.divf %7, %cst : f32
        %alloc_20 = memref.alloc() {alignment = 64 : i64} : memref<1xf32, #hivm.address_space<ub>>
        memref.store %8, %alloc_20[%c0] : memref<1xf32, #hivm.address_space<ub>>
        %alloc_21 = memref.alloc() {alignment = 64 : i64} : memref<8192xf32, #hivm.address_space<ub>>
        annotation.mark %alloc_21 {hivm.multi_buffer = 2 : i32} : memref<8192xf32, #hivm.address_space<ub>>
        %alloc_22 = memref.alloc() {alignment = 64 : i64} : memref<8192xf32, #hivm.address_space<ub>>
        func.call @_candidate_mmq_style_norm_after_attn_kernel_outlined_vf_4(%alloc_18, %alloc_8, %alloc_15, %alloc_20, %alloc, %alloc_21, %alloc_22) {hivm.vector_function, no_inline} : (memref<8192xf32, #hivm.address_space<ub>>, memref<8192xf32, #hivm.address_space<ub>>, memref<8192xf32, #hivm.address_space<ub>>, memref<1xf32, #hivm.address_space<ub>>, memref<1xf32, #hivm.address_space<ub>>, memref<8192xf32, #hivm.address_space<ub>>, memref<8192xf32, #hivm.address_space<ub>>) -> ()
        %alloc_23 = memref.alloc() {alignment = 64 : i64} : memref<f32, #hivm.address_space<ub>>
        memref.store %cst_1, %alloc_23[] : memref<f32, #hivm.address_space<ub>>
        func.call @_candidate_mmq_style_norm_after_attn_kernel_outlined_vf_5(%alloc_22, %alloc_23) {hivm.vector_function, no_inline} : (memref<8192xf32, #hivm.address_space<ub>>, memref<f32, #hivm.address_space<ub>>) -> ()
        %9 = memref.load %alloc_23[] : memref<f32, #hivm.address_space<ub>>
        %10 = arith.divf %9, %cst : f32
        %alloc_24 = memref.alloc() {alignment = 64 : i64} : memref<1xf32, #hivm.address_space<ub>>
        memref.store %10, %alloc_24[%c0] : memref<1xf32, #hivm.address_space<ub>>
        %alloc_25 = memref.alloc() {alignment = 64 : i64} : memref<8192xf32, #hivm.address_space<ub>>
        annotation.mark %alloc_25 {hivm.multi_buffer = 2 : i32} : memref<8192xf32, #hivm.address_space<ub>>
        func.call @_candidate_mmq_style_norm_after_attn_kernel_outlined_vf_6(%alloc_22, %alloc_9, %alloc_24, %alloc, %alloc_25) {hivm.vector_function, no_inline} : (memref<8192xf32, #hivm.address_space<ub>>, memref<8192xf32, #hivm.address_space<ub>>, memref<1xf32, #hivm.address_space<ub>>, memref<1xf32, #hivm.address_space<ub>>, memref<8192xf32, #hivm.address_space<ub>>) -> ()
        %reinterpret_cast_26 = memref.reinterpret_cast %arg7 to offset: [%6], sizes: [8192], strides: [1] : memref<?xf32, #hivm.address_space<gm>> to memref<8192xf32, strided<[1], offset: ?>, #hivm.address_space<gm>>
        %subview_27 = memref.subview %alloc_21[0] [2048] [1] : memref<8192xf32, #hivm.address_space<ub>> to memref<2048xf32, strided<[1]>, #hivm.address_space<ub>>
        %subview_28 = memref.subview %reinterpret_cast_26[0] [2048] [1] : memref<8192xf32, strided<[1], offset: ?>, #hivm.address_space<gm>> to memref<2048xf32, strided<[1], offset: ?>, #hivm.address_space<gm>>
        hivm.hir.store ins(%subview_27 : memref<2048xf32, strided<[1]>, #hivm.address_space<ub>>) outs(%subview_28 : memref<2048xf32, strided<[1], offset: ?>, #hivm.address_space<gm>>)
        %reinterpret_cast_29 = memref.reinterpret_cast %arg8 to offset: [%6], sizes: [8192], strides: [1] : memref<?xf32, #hivm.address_space<gm>> to memref<8192xf32, strided<[1], offset: ?>, #hivm.address_space<gm>>
        %subview_30 = memref.subview %alloc_25[0] [2048] [1] : memref<8192xf32, #hivm.address_space<ub>> to memref<2048xf32, strided<[1]>, #hivm.address_space<ub>>
        %subview_31 = memref.subview %reinterpret_cast_29[0] [2048] [1] : memref<8192xf32, strided<[1], offset: ?>, #hivm.address_space<gm>> to memref<2048xf32, strided<[1], offset: ?>, #hivm.address_space<gm>>
        hivm.hir.store ins(%subview_30 : memref<2048xf32, strided<[1]>, #hivm.address_space<ub>>) outs(%subview_31 : memref<2048xf32, strided<[1], offset: ?>, #hivm.address_space<gm>>)
        %reinterpret_cast_32 = memref.reinterpret_cast %arg6 to offset: [%6], sizes: [8192], strides: [1] : memref<?xbf16, #hivm.address_space<gm>> to memref<8192xbf16, strided<[1], offset: ?>, #hivm.address_space<gm>>
        %alloc_33 = memref.alloc() {alignment = 64 : i64} : memref<8192xbf16, #hivm.address_space<ub>>
        annotation.mark %alloc_33 {hivm.multi_buffer = 2 : i32} : memref<8192xbf16, #hivm.address_space<ub>>
        func.call @_candidate_mmq_style_norm_after_attn_kernel_outlined_vf_7(%alloc_25, %alloc_33) {hivm.vector_function, no_inline} : (memref<8192xf32, #hivm.address_space<ub>>, memref<8192xbf16, #hivm.address_space<ub>>) -> ()
        %subview_34 = memref.subview %alloc_33[0] [2048] [1] : memref<8192xbf16, #hivm.address_space<ub>> to memref<2048xbf16, strided<[1]>, #hivm.address_space<ub>>
        %subview_35 = memref.subview %reinterpret_cast_32[0] [2048] [1] : memref<8192xbf16, strided<[1], offset: ?>, #hivm.address_space<gm>> to memref<2048xbf16, strided<[1], offset: ?>, #hivm.address_space<gm>>
        hivm.hir.store ins(%subview_34 : memref<2048xbf16, strided<[1]>, #hivm.address_space<ub>>) outs(%subview_35 : memref<2048xbf16, strided<[1], offset: ?>, #hivm.address_space<gm>>)
      } {tt.num_stages = 2 : i32}
      hivm.hir.set_ctrl true at ctrl[60]
    } {autoblockify.subloop}
    return
  }
}


// -----// IR Dump After PlanMemory Failed (hivm-plan-memory) //----- //
#map = affine_map<(d0) -> (0)>
module attributes {dlti.target_system_spec = #dlti.target_system_spec<"NPU" : #hacc.target_device_spec<#dlti.dl_entry<"AI_CORE_COUNT", 28 : i32>, #dlti.dl_entry<"CUBE_CORE_COUNT", 28 : i32>, #dlti.dl_entry<"VECTOR_CORE_COUNT", 56 : i32>, #dlti.dl_entry<"UB_SIZE", 2031616 : i32>, #dlti.dl_entry<"L1_SIZE", 4194304 : i32>, #dlti.dl_entry<"L0A_SIZE", 524288 : i32>, #dlti.dl_entry<"L0B_SIZE", 524288 : i32>, #dlti.dl_entry<"L0C_SIZE", 2097152 : i32>, #dlti.dl_entry<"UB_ALIGN_SIZE", 256 : i32>, #dlti.dl_entry<"L1_ALIGN_SIZE", 256 : i32>, #dlti.dl_entry<"L0C_ALIGN_SIZE", 4096 : i32>, #dlti.dl_entry<"MINIMAL_D_CACHE_SIZE", 262144 : i32>, #dlti.dl_entry<"MAXIMUM_D_CACHE_SIZE", 983040 : i32>, #dlti.dl_entry<"ARCH", "dav-c310">>>, hacc.target = #hacc.target<"Ascend950PR_957b">, hivm.module_core_type = #hivm.module_core_type<AIV>} {
  func.func @_candidate_mmq_style_norm_after_attn_kernel_outlined_vf_0(%arg0: memref<8192xbf16, #hivm.address_space<ub>>) attributes {hivm.func_core_type = #hivm.func_core_type<AIV>, hivm.vector_function, no_inline} {
    %cst = arith.constant dense<0.000000e+00> : vector<128xbf16>
    %c128 = arith.constant 128 : index
    %c8192 = arith.constant 8192 : index
    %c0 = arith.constant 0 : index
    scf.for %arg1 = %c0 to %c8192 step %c128 {
      %subview = memref.subview %arg0[%arg1] [128] [1] : memref<8192xbf16, #hivm.address_space<ub>> to memref<128xbf16, strided<[1], offset: ?>, #hivm.address_space<ub>>
      vector.transfer_write %cst, %subview[%c0] {in_bounds = [true]} : vector<128xbf16>, memref<128xbf16, strided<[1], offset: ?>, #hivm.address_space<ub>>
    }
    return
  }
  func.func @_candidate_mmq_style_norm_after_attn_kernel_outlined_vf_1(%arg0: memref<8192xf32, #hivm.address_space<ub>>) attributes {hivm.func_core_type = #hivm.func_core_type<AIV>, hivm.vector_function, no_inline} {
    %cst = arith.constant dense<0.000000e+00> : vector<64xf32>
    %c64 = arith.constant 64 : index
    %c8192 = arith.constant 8192 : index
    %c0 = arith.constant 0 : index
    scf.for %arg1 = %c0 to %c8192 step %c64 {
      %subview = memref.subview %arg0[%arg1] [64] [1] : memref<8192xf32, #hivm.address_space<ub>> to memref<64xf32, strided<[1], offset: ?>, #hivm.address_space<ub>>
      vector.transfer_write %cst, %subview[%c0] {in_bounds = [true]} : vector<64xf32>, memref<64xf32, strided<[1], offset: ?>, #hivm.address_space<ub>>
    }
    return
  }
  func.func @_candidate_mmq_style_norm_after_attn_kernel_outlined_vf_2(%arg0: memref<8192xbf16, #hivm.address_space<ub>>, %arg1: memref<8192xf32, #hivm.address_space<ub>>) attributes {hivm.func_core_type = #hivm.func_core_type<AIV>, hivm.vector_function, no_inline} {
    %cst = arith.constant 0.000000e+00 : bf16
    %c64 = arith.constant 64 : index
    %c8192 = arith.constant 8192 : index
    %c0 = arith.constant 0 : index
    scf.for %arg2 = %c0 to %c8192 step %c64 {
      %subview = memref.subview %arg0[%arg2] [64] [1] : memref<8192xbf16, #hivm.address_space<ub>> to memref<64xbf16, strided<[1], offset: ?>, #hivm.address_space<ub>>
      %subview_0 = memref.subview %arg1[%arg2] [64] [1] : memref<8192xf32, #hivm.address_space<ub>> to memref<64xf32, strided<[1], offset: ?>, #hivm.address_space<ub>>
      %0 = vector.transfer_read %subview[%c0], %cst {in_bounds = [true]} : memref<64xbf16, strided<[1], offset: ?>, #hivm.address_space<ub>>, vector<64xbf16>
      %1 = arith.extf %0 {enable_saturate = false, round_mode = #hfusion.round_mode<rint>, unsigned_mode = #hfusion.unsigned_mode<si2si>} : vector<64xbf16> to vector<64xf32>
      vector.transfer_write %1, %subview_0[%c0] {in_bounds = [true]} : vector<64xf32>, memref<64xf32, strided<[1], offset: ?>, #hivm.address_space<ub>>
    }
    return
  }
  func.func @_candidate_mmq_style_norm_after_attn_kernel_outlined_vf_3(%arg0: memref<8192xf32, #hivm.address_space<ub>>, %arg1: memref<f32, #hivm.address_space<ub>>) attributes {hivm.func_core_type = #hivm.func_core_type<AIV>, hivm.vector_function, no_inline} {
    %cst = arith.constant 0.000000e+00 : f32
    %c64 = arith.constant 64 : index
    %c8192 = arith.constant 8192 : index
    %c0 = arith.constant 0 : index
    %0 = vector.transfer_read %arg1[], %cst : memref<f32, #hivm.address_space<ub>>, vector<f32>
    %1 = scf.for %arg2 = %c0 to %c8192 step %c64 iter_args(%arg3 = %0) -> (vector<f32>) {
      %subview = memref.subview %arg0[%arg2] [64] [1] : memref<8192xf32, #hivm.address_space<ub>> to memref<64xf32, strided<[1], offset: ?>, #hivm.address_space<ub>>
      %2 = vector.transfer_read %subview[%c0], %cst {in_bounds = [true]} : memref<64xf32, strided<[1], offset: ?>, #hivm.address_space<ub>>, vector<64xf32>
      %3 = vector.extractelement %arg3[] : vector<f32>
      %4 = arith.mulf %2, %2 : vector<64xf32>
      %5 = vector.multi_reduction <add>, %4, %3 [0] : vector<64xf32> to f32
      %6 = vector.broadcast %5 : f32 to vector<f32>
      scf.yield %6 : vector<f32>
    }
    vector.transfer_write %1, %arg1[] : vector<f32>, memref<f32, #hivm.address_space<ub>>
    return
  }
  func.func @_candidate_mmq_style_norm_after_attn_kernel_outlined_vf_4(%arg0: memref<8192xf32, #hivm.address_space<ub>>, %arg1: memref<8192xf32, #hivm.address_space<ub>>, %arg2: memref<8192xf32, #hivm.address_space<ub>>, %arg3: memref<1xf32, #hivm.address_space<ub>>, %arg4: memref<1xf32, #hivm.address_space<ub>>, %arg5: memref<8192xf32, #hivm.address_space<ub>>, %arg6: memref<8192xf32, #hivm.address_space<ub>>) attributes {hivm.func_core_type = #hivm.func_core_type<AIV>, hivm.vector_function, no_inline} {
    %cst = arith.constant dense<1.000000e+00> : vector<64xf32>
    %cst_0 = arith.constant 0.000000e+00 : f32
    %c64 = arith.constant 64 : index
    %c8192 = arith.constant 8192 : index
    %c0 = arith.constant 0 : index
    scf.for %arg7 = %c0 to %c8192 step %c64 {
      %subview = memref.subview %arg0[%arg7] [64] [1] : memref<8192xf32, #hivm.address_space<ub>> to memref<64xf32, strided<[1], offset: ?>, #hivm.address_space<ub>>
      %subview_1 = memref.subview %arg1[%arg7] [64] [1] : memref<8192xf32, #hivm.address_space<ub>> to memref<64xf32, strided<[1], offset: ?>, #hivm.address_space<ub>>
      %subview_2 = memref.subview %arg2[%arg7] [64] [1] : memref<8192xf32, #hivm.address_space<ub>> to memref<64xf32, strided<[1], offset: ?>, #hivm.address_space<ub>>
      %subview_3 = memref.subview %arg5[%arg7] [64] [1] : memref<8192xf32, #hivm.address_space<ub>> to memref<64xf32, strided<[1], offset: ?>, #hivm.address_space<ub>>
      %0 = vector.transfer_read %subview[%c0], %cst_0 {in_bounds = [true]} : memref<64xf32, strided<[1], offset: ?>, #hivm.address_space<ub>>, vector<64xf32>
      %1 = vector.transfer_read %arg3[%c0], %cst_0 {in_bounds = [true], permutation_map = #map} : memref<1xf32, #hivm.address_space<ub>>, vector<64xf32>
      %2 = vector.transfer_read %arg4[%c0], %cst_0 {in_bounds = [true], permutation_map = #map} : memref<1xf32, #hivm.address_space<ub>>, vector<64xf32>
      %3 = vector.transfer_read %subview_1[%c0], %cst_0 {in_bounds = [true]} : memref<64xf32, strided<[1], offset: ?>, #hivm.address_space<ub>>, vector<64xf32>
      %4 = vector.transfer_read %subview_2[%c0], %cst_0 {in_bounds = [true]} : memref<64xf32, strided<[1], offset: ?>, #hivm.address_space<ub>>, vector<64xf32>
      %5 = arith.addf %1, %2 : vector<64xf32>
      %6 = math.sqrt %5 : vector<64xf32>
      %7 = arith.divf %cst, %6 : vector<64xf32>
      %8 = arith.mulf %0, %7 : vector<64xf32>
      %9 = arith.mulf %8, %3 : vector<64xf32>
      %10 = arith.truncf %9 {enable_saturate = false, round_mode = #hfusion.round_mode<rint>, unsigned_mode = #hfusion.unsigned_mode<si2si>} : vector<64xf32> to vector<64xbf16>
      %11 = arith.extf %10 {enable_saturate = false, round_mode = #hfusion.round_mode<rint>, unsigned_mode = #hfusion.unsigned_mode<si2si>} : vector<64xbf16> to vector<64xf32>
      %12 = arith.addf %11, %4 : vector<64xf32>
      vector.transfer_write %12, %subview_3[%c0] {in_bounds = [true]} : vector<64xf32>, memref<64xf32, strided<[1], offset: ?>, #hivm.address_space<ub>>
    }
    scf.for %arg7 = %c0 to %c8192 step %c64 {
      %subview = memref.subview %arg5[%arg7] [64] [1] : memref<8192xf32, #hivm.address_space<ub>> to memref<64xf32, strided<[1], offset: ?>, #hivm.address_space<ub>>
      %subview_1 = memref.subview %arg6[%arg7] [64] [1] : memref<8192xf32, #hivm.address_space<ub>> to memref<64xf32, strided<[1], offset: ?>, #hivm.address_space<ub>>
      %0 = vector.transfer_read %subview[%c0], %cst_0 {in_bounds = [true]} : memref<64xf32, strided<[1], offset: ?>, #hivm.address_space<ub>>, vector<64xf32>
      %1 = arith.truncf %0 {enable_saturate = false, round_mode = #hfusion.round_mode<rint>, unsigned_mode = #hfusion.unsigned_mode<si2si>} : vector<64xf32> to vector<64xbf16>
      %2 = arith.extf %1 {enable_saturate = false, round_mode = #hfusion.round_mode<rint>, unsigned_mode = #hfusion.unsigned_mode<si2si>} : vector<64xbf16> to vector<64xf32>
      vector.transfer_write %2, %subview_1[%c0] {in_bounds = [true]} : vector<64xf32>, memref<64xf32, strided<[1], offset: ?>, #hivm.address_space<ub>>
    }
    return
  }
  func.func @_candidate_mmq_style_norm_after_attn_kernel_outlined_vf_5(%arg0: memref<8192xf32, #hivm.address_space<ub>>, %arg1: memref<f32, #hivm.address_space<ub>>) attributes {hivm.func_core_type = #hivm.func_core_type<AIV>, hivm.vector_function, no_inline} {
    %cst = arith.constant 0.000000e+00 : f32
    %c64 = arith.constant 64 : index
    %c8192 = arith.constant 8192 : index
    %c0 = arith.constant 0 : index
    %0 = vector.transfer_read %arg1[], %cst : memref<f32, #hivm.address_space<ub>>, vector<f32>
    %1 = scf.for %arg2 = %c0 to %c8192 step %c64 iter_args(%arg3 = %0) -> (vector<f32>) {
      %subview = memref.subview %arg0[%arg2] [64] [1] : memref<8192xf32, #hivm.address_space<ub>> to memref<64xf32, strided<[1], offset: ?>, #hivm.address_space<ub>>
      %2 = vector.transfer_read %subview[%c0], %cst {in_bounds = [true]} : memref<64xf32, strided<[1], offset: ?>, #hivm.address_space<ub>>, vector<64xf32>
      %3 = vector.extractelement %arg3[] : vector<f32>
      %4 = arith.mulf %2, %2 : vector<64xf32>
      %5 = vector.multi_reduction <add>, %4, %3 [0] : vector<64xf32> to f32
      %6 = vector.broadcast %5 : f32 to vector<f32>
      scf.yield %6 : vector<f32>
    }
    vector.transfer_write %1, %arg1[] : vector<f32>, memref<f32, #hivm.address_space<ub>>
    return
  }
  func.func @_candidate_mmq_style_norm_after_attn_kernel_outlined_vf_6(%arg0: memref<8192xf32, #hivm.address_space<ub>>, %arg1: memref<8192xf32, #hivm.address_space<ub>>, %arg2: memref<1xf32, #hivm.address_space<ub>>, %arg3: memref<1xf32, #hivm.address_space<ub>>, %arg4: memref<8192xf32, #hivm.address_space<ub>>) attributes {hivm.func_core_type = #hivm.func_core_type<AIV>, hivm.vector_function, no_inline} {
    %cst = arith.constant dense<1.000000e+00> : vector<64xf32>
    %cst_0 = arith.constant 0.000000e+00 : f32
    %c64 = arith.constant 64 : index
    %c8192 = arith.constant 8192 : index
    %c0 = arith.constant 0 : index
    scf.for %arg5 = %c0 to %c8192 step %c64 {
      %subview = memref.subview %arg0[%arg5] [64] [1] : memref<8192xf32, #hivm.address_space<ub>> to memref<64xf32, strided<[1], offset: ?>, #hivm.address_space<ub>>
      %subview_1 = memref.subview %arg1[%arg5] [64] [1] : memref<8192xf32, #hivm.address_space<ub>> to memref<64xf32, strided<[1], offset: ?>, #hivm.address_space<ub>>
      %subview_2 = memref.subview %arg4[%arg5] [64] [1] : memref<8192xf32, #hivm.address_space<ub>> to memref<64xf32, strided<[1], offset: ?>, #hivm.address_space<ub>>
      %0 = vector.transfer_read %subview[%c0], %cst_0 {in_bounds = [true]} : memref<64xf32, strided<[1], offset: ?>, #hivm.address_space<ub>>, vector<64xf32>
      %1 = vector.transfer_read %arg2[%c0], %cst_0 {in_bounds = [true], permutation_map = #map} : memref<1xf32, #hivm.address_space<ub>>, vector<64xf32>
      %2 = vector.transfer_read %arg3[%c0], %cst_0 {in_bounds = [true], permutation_map = #map} : memref<1xf32, #hivm.address_space<ub>>, vector<64xf32>
      %3 = vector.transfer_read %subview_1[%c0], %cst_0 {in_bounds = [true]} : memref<64xf32, strided<[1], offset: ?>, #hivm.address_space<ub>>, vector<64xf32>
      %4 = arith.addf %1, %2 : vector<64xf32>
      %5 = math.sqrt %4 : vector<64xf32>
      %6 = arith.divf %cst, %5 : vector<64xf32>
      %7 = arith.mulf %0, %6 : vector<64xf32>
      %8 = arith.mulf %7, %3 : vector<64xf32>
      vector.transfer_write %8, %subview_2[%c0] {in_bounds = [true]} : vector<64xf32>, memref<64xf32, strided<[1], offset: ?>, #hivm.address_space<ub>>
    }
    return
  }
  func.func @_candidate_mmq_style_norm_after_attn_kernel_outlined_vf_7(%arg0: memref<8192xf32, #hivm.address_space<ub>>, %arg1: memref<8192xbf16, #hivm.address_space<ub>>) attributes {hivm.func_core_type = #hivm.func_core_type<AIV>, hivm.vector_function, no_inline} {
    %cst = arith.constant 0.000000e+00 : f32
    %c64 = arith.constant 64 : index
    %c8192 = arith.constant 8192 : index
    %c0 = arith.constant 0 : index
    scf.for %arg2 = %c0 to %c8192 step %c64 {
      %subview = memref.subview %arg0[%arg2] [64] [1] : memref<8192xf32, #hivm.address_space<ub>> to memref<64xf32, strided<[1], offset: ?>, #hivm.address_space<ub>>
      %subview_0 = memref.subview %arg1[%arg2] [64] [1] : memref<8192xbf16, #hivm.address_space<ub>> to memref<64xbf16, strided<[1], offset: ?>, #hivm.address_space<ub>>
      %0 = vector.transfer_read %subview[%c0], %cst {in_bounds = [true]} : memref<64xf32, strided<[1], offset: ?>, #hivm.address_space<ub>>, vector<64xf32>
      %1 = arith.truncf %0 {enable_saturate = false, round_mode = #hfusion.round_mode<rint>, unsigned_mode = #hfusion.unsigned_mode<si2si>} : vector<64xf32> to vector<64xbf16>
      vector.transfer_write %1, %subview_0[%c0] {in_bounds = [true]} : vector<64xbf16>, memref<64xbf16, strided<[1], offset: ?>, #hivm.address_space<ub>>
    }
    return
  }
  func.func @_candidate_mmq_style_norm_after_attn_kernel_outlined_vf_8(%arg0: memref<8192xbf16, #hivm.address_space<ub>>) attributes {hivm.func_core_type = #hivm.func_core_type<AIV>, hivm.vector_function, no_inline} {
    %cst = arith.constant dense<0.000000e+00> : vector<128xbf16>
    %c128 = arith.constant 128 : index
    %c8192 = arith.constant 8192 : index
    %c0 = arith.constant 0 : index
    scf.for %arg1 = %c0 to %c8192 step %c128 {
      %subview = memref.subview %arg0[%arg1] [128] [1] : memref<8192xbf16, #hivm.address_space<ub>> to memref<128xbf16, strided<[1], offset: ?>, #hivm.address_space<ub>>
      vector.transfer_write %cst, %subview[%c0] {in_bounds = [true]} : vector<128xbf16>, memref<128xbf16, strided<[1], offset: ?>, #hivm.address_space<ub>>
    }
    return
  }
  func.func @_candidate_mmq_style_norm_after_attn_kernel_outlined_vf_9(%arg0: memref<8192xbf16, #hivm.address_space<ub>>) attributes {hivm.func_core_type = #hivm.func_core_type<AIV>, hivm.vector_function, no_inline} {
    %cst = arith.constant dense<0.000000e+00> : vector<128xbf16>
    %c128 = arith.constant 128 : index
    %c8192 = arith.constant 8192 : index
    %c0 = arith.constant 0 : index
    scf.for %arg1 = %c0 to %c8192 step %c128 {
      %subview = memref.subview %arg0[%arg1] [128] [1] : memref<8192xbf16, #hivm.address_space<ub>> to memref<128xbf16, strided<[1], offset: ?>, #hivm.address_space<ub>>
      vector.transfer_write %cst, %subview[%c0] {in_bounds = [true]} : vector<128xbf16>, memref<128xbf16, strided<[1], offset: ?>, #hivm.address_space<ub>>
    }
    return
  }
  func.func @_candidate_mmq_style_norm_after_attn_kernel_outlined_vf_10(%arg0: memref<8192xbf16, #hivm.address_space<ub>>, %arg1: memref<8192xbf16, #hivm.address_space<ub>>, %arg2: memref<8192xf32, #hivm.address_space<ub>>, %arg3: memref<8192xf32, #hivm.address_space<ub>>) attributes {hivm.func_core_type = #hivm.func_core_type<AIV>, hivm.vector_function, no_inline} {
    %cst = arith.constant 0.000000e+00 : bf16
    %c64 = arith.constant 64 : index
    %c8192 = arith.constant 8192 : index
    %c0 = arith.constant 0 : index
    scf.for %arg4 = %c0 to %c8192 step %c64 {
      %subview = memref.subview %arg0[%arg4] [64] [1] : memref<8192xbf16, #hivm.address_space<ub>> to memref<64xbf16, strided<[1], offset: ?>, #hivm.address_space<ub>>
      %subview_0 = memref.subview %arg2[%arg4] [64] [1] : memref<8192xf32, #hivm.address_space<ub>> to memref<64xf32, strided<[1], offset: ?>, #hivm.address_space<ub>>
      %0 = vector.transfer_read %subview[%c0], %cst {in_bounds = [true]} : memref<64xbf16, strided<[1], offset: ?>, #hivm.address_space<ub>>, vector<64xbf16>
      %1 = arith.extf %0 {enable_saturate = false, round_mode = #hfusion.round_mode<rint>, unsigned_mode = #hfusion.unsigned_mode<si2si>} : vector<64xbf16> to vector<64xf32>
      vector.transfer_write %1, %subview_0[%c0] {in_bounds = [true]} : vector<64xf32>, memref<64xf32, strided<[1], offset: ?>, #hivm.address_space<ub>>
      %subview_1 = memref.subview %arg1[%arg4] [64] [1] : memref<8192xbf16, #hivm.address_space<ub>> to memref<64xbf16, strided<[1], offset: ?>, #hivm.address_space<ub>>
      %subview_2 = memref.subview %arg3[%arg4] [64] [1] : memref<8192xf32, #hivm.address_space<ub>> to memref<64xf32, strided<[1], offset: ?>, #hivm.address_space<ub>>
      %2 = vector.transfer_read %subview_1[%c0], %cst {in_bounds = [true]} : memref<64xbf16, strided<[1], offset: ?>, #hivm.address_space<ub>>, vector<64xbf16>
      %3 = arith.extf %2 {enable_saturate = false, round_mode = #hfusion.round_mode<rint>, unsigned_mode = #hfusion.unsigned_mode<si2si>} : vector<64xbf16> to vector<64xf32>
      vector.transfer_write %3, %subview_2[%c0] {in_bounds = [true]} : vector<64xf32>, memref<64xf32, strided<[1], offset: ?>, #hivm.address_space<ub>>
    }
    return
  }
  func.func @_candidate_mmq_style_norm_after_attn_kernel(%arg0: memref<?xi8, #hivm.address_space<gm>> {hacc.arg_type = #hacc.arg_type<sync_block_lock>}, %arg1: memref<?xi8, #hivm.address_space<gm>> {hacc.arg_type = #hacc.arg_type<workspace>}, %arg2: memref<?xbf16, #hivm.address_space<gm>> {tt.divisibility = 16 : i32, tt.tensor_kind = 0 : i32}, %arg3: memref<?xf32, #hivm.address_space<gm>> {tt.divisibility = 16 : i32, tt.tensor_kind = 0 : i32}, %arg4: memref<?xbf16, #hivm.address_space<gm>> {tt.divisibility = 16 : i32, tt.tensor_kind = 0 : i32}, %arg5: memref<?xbf16, #hivm.address_space<gm>> {tt.divisibility = 16 : i32, tt.tensor_kind = 0 : i32}, %arg6: memref<?xbf16, #hivm.address_space<gm>> {tt.divisibility = 16 : i32, tt.tensor_kind = 1 : i32}, %arg7: memref<?xf32, #hivm.address_space<gm>> {tt.divisibility = 16 : i32, tt.tensor_kind = 1 : i32}, %arg8: memref<?xf32, #hivm.address_space<gm>> {tt.divisibility = 16 : i32, tt.tensor_kind = 1 : i32}, %arg9: i32, %arg10: f32, %arg11: i32, %arg12: i32, %arg13: i32) attributes {SyncBlockLockArgIdx = 0 : i64, WorkspaceArgIdx = 1 : i64, func_dyn_memref_args = dense<[true, true, true, true, true, true, true, true, true, false, false, false, false, false]> : vector<14xi1>, hacc.entry, hacc.function_kind = #hacc.function_kind<DEVICE>, hivm.func_core_type = #hivm.func_core_type<AIV>, hivm.vf_mode = #hivm.vf_mode<SIMD>, mix_mode = "aiv", parallel_mode = "simd"} {
    %cst = arith.constant 2.048000e+03 : f32
    %c2048_i32 = arith.constant 2048 : i32
    %c0 = arith.constant 0 : index
    %cst_0 = arith.constant 0.000000e+00 : bf16
    %cst_1 = arith.constant 0.000000e+00 : f32
    %c56_i32 = arith.constant 56 : i32
    %0 = arith.muli %arg11, %arg12 : i32
    %1 = arith.muli %0, %arg13 : i32
    annotation.mark %1 {logical_block_num} : i32
    %2 = hivm.hir.get_block_idx -> i64
    %3 = arith.trunci %2 : i64 to i32
    %reinterpret_cast = memref.reinterpret_cast %arg4 to offset: [0], sizes: [8192], strides: [1] : memref<?xbf16, #hivm.address_space<gm>> to memref<8192xbf16, strided<[1]>, #hivm.address_space<gm>>
    %subview = memref.subview %reinterpret_cast[0] [2048] [1] : memref<8192xbf16, strided<[1]>, #hivm.address_space<gm>> to memref<2048xbf16, #hivm.address_space<gm>>
    %reinterpret_cast_2 = memref.reinterpret_cast %arg5 to offset: [0], sizes: [8192], strides: [1] : memref<?xbf16, #hivm.address_space<gm>> to memref<8192xbf16, strided<[1]>, #hivm.address_space<gm>>
    %subview_3 = memref.subview %reinterpret_cast_2[0] [2048] [1] : memref<8192xbf16, strided<[1]>, #hivm.address_space<gm>> to memref<2048xbf16, #hivm.address_space<gm>>
    %alloc = memref.alloc() {alignment = 64 : i64} : memref<1xf32, #hivm.address_space<ub>>
    memref.store %arg10, %alloc[%c0] : memref<1xf32, #hivm.address_space<ub>>
    scf.for %arg14 = %3 to %1 step %c56_i32  : i32 {
      hivm.hir.set_ctrl false at ctrl[60]
      hivm.hir.set_ctrl true at ctrl[48]
      %4 = arith.remsi %arg14, %arg11 : i32
      %alloc_4 = memref.alloc() : memref<8192xbf16, #hivm.address_space<ub>>
      annotation.mark %alloc_4 {hivm.multi_buffer = 2 : i32} : memref<8192xbf16, #hivm.address_space<ub>>
      func.call @_candidate_mmq_style_norm_after_attn_kernel_outlined_vf_8(%alloc_4) {hivm.vector_function, no_inline} : (memref<8192xbf16, #hivm.address_space<ub>>) -> ()
      %subview_5 = memref.subview %alloc_4[0] [2048] [1] : memref<8192xbf16, #hivm.address_space<ub>> to memref<2048xbf16, #hivm.address_space<ub>>
      hivm.hir.load ins(%subview : memref<2048xbf16, #hivm.address_space<gm>>) outs(%subview_5 : memref<2048xbf16, #hivm.address_space<ub>>) pad_mode = <PadValue> pad_value = %cst_0 : bf16 left_padding_num = %c0 : index eviction_policy = <EvictFirst> core_type = <VECTOR>
      %alloc_6 = memref.alloc() : memref<8192xbf16, #hivm.address_space<ub>>
      annotation.mark %alloc_6 {hivm.multi_buffer = 2 : i32} : memref<8192xbf16, #hivm.address_space<ub>>
      func.call @_candidate_mmq_style_norm_after_attn_kernel_outlined_vf_9(%alloc_6) {hivm.vector_function, no_inline} : (memref<8192xbf16, #hivm.address_space<ub>>) -> ()
      %subview_7 = memref.subview %alloc_6[0] [2048] [1] : memref<8192xbf16, #hivm.address_space<ub>> to memref<2048xbf16, #hivm.address_space<ub>>
      hivm.hir.load ins(%subview_3 : memref<2048xbf16, #hivm.address_space<gm>>) outs(%subview_7 : memref<2048xbf16, #hivm.address_space<ub>>) pad_mode = <PadValue> pad_value = %cst_0 : bf16 left_padding_num = %c0 : index eviction_policy = <EvictFirst> core_type = <VECTOR>
      %alloc_8 = memref.alloc() {alignment = 64 : i64} : memref<8192xf32, #hivm.address_space<ub>>
      %alloc_9 = memref.alloc() {alignment = 64 : i64} : memref<8192xf32, #hivm.address_space<ub>>
      func.call @_candidate_mmq_style_norm_after_attn_kernel_outlined_vf_10(%alloc_4, %alloc_6, %alloc_8, %alloc_9) {hivm.vector_function, no_inline} : (memref<8192xbf16, #hivm.address_space<ub>>, memref<8192xbf16, #hivm.address_space<ub>>, memref<8192xf32, #hivm.address_space<ub>>, memref<8192xf32, #hivm.address_space<ub>>) -> ()
      scf.for %arg15 = %4 to %arg9 step %arg11  : i32 {
        %5 = arith.muli %arg15, %c2048_i32 : i32
        %6 = arith.index_cast %5 : i32 to index
        %reinterpret_cast_10 = memref.reinterpret_cast %arg2 to offset: [%6], sizes: [8192], strides: [1] : memref<?xbf16, #hivm.address_space<gm>> to memref<8192xbf16, strided<[1], offset: ?>, #hivm.address_space<gm>>
        %alloc_11 = memref.alloc() : memref<8192xbf16, #hivm.address_space<ub>>
        annotation.mark %alloc_11 {hivm.multi_buffer = 2 : i32} : memref<8192xbf16, #hivm.address_space<ub>>
        func.call @_candidate_mmq_style_norm_after_attn_kernel_outlined_vf_0(%alloc_11) {hivm.vector_function, no_inline} : (memref<8192xbf16, #hivm.address_space<ub>>) -> ()
        %subview_12 = memref.subview %reinterpret_cast_10[0] [2048] [1] : memref<8192xbf16, strided<[1], offset: ?>, #hivm.address_space<gm>> to memref<2048xbf16, strided<[1], offset: ?>, #hivm.address_space<gm>>
        %subview_13 = memref.subview %alloc_11[0] [2048] [1] : memref<8192xbf16, #hivm.address_space<ub>> to memref<2048xbf16, #hivm.address_space<ub>>
        hivm.hir.load ins(%subview_12 : memref<2048xbf16, strided<[1], offset: ?>, #hivm.address_space<gm>>) outs(%subview_13 : memref<2048xbf16, #hivm.address_space<ub>>) pad_mode = <PadValue> pad_value = %cst_0 : bf16 left_padding_num = %c0 : index eviction_policy = <EvictFirst> core_type = <VECTOR>
        %reinterpret_cast_14 = memref.reinterpret_cast %arg3 to offset: [%6], sizes: [8192], strides: [1] : memref<?xf32, #hivm.address_space<gm>> to memref<8192xf32, strided<[1], offset: ?>, #hivm.address_space<gm>>
        %alloc_15 = memref.alloc() : memref<8192xf32, #hivm.address_space<ub>>
        annotation.mark %alloc_15 {hivm.multi_buffer = 2 : i32} : memref<8192xf32, #hivm.address_space<ub>>
        func.call @_candidate_mmq_style_norm_after_attn_kernel_outlined_vf_1(%alloc_15) {hivm.vector_function, no_inline} : (memref<8192xf32, #hivm.address_space<ub>>) -> ()
        %subview_16 = memref.subview %reinterpret_cast_14[0] [2048] [1] : memref<8192xf32, strided<[1], offset: ?>, #hivm.address_space<gm>> to memref<2048xf32, strided<[1], offset: ?>, #hivm.address_space<gm>>
        %subview_17 = memref.subview %alloc_15[0] [2048] [1] : memref<8192xf32, #hivm.address_space<ub>> to memref<2048xf32, #hivm.address_space<ub>>
        hivm.hir.load ins(%subview_16 : memref<2048xf32, strided<[1], offset: ?>, #hivm.address_space<gm>>) outs(%subview_17 : memref<2048xf32, #hivm.address_space<ub>>) pad_mode = <PadValue> pad_value = %cst_1 : f32 left_padding_num = %c0 : index eviction_policy = <EvictFirst> core_type = <VECTOR>
        %alloc_18 = memref.alloc() {alignment = 64 : i64} : memref<8192xf32, #hivm.address_space<ub>>
        func.call @_candidate_mmq_style_norm_after_attn_kernel_outlined_vf_2(%alloc_11, %alloc_18) {hivm.vector_function, no_inline} : (memref<8192xbf16, #hivm.address_space<ub>>, memref<8192xf32, #hivm.address_space<ub>>) -> ()
        %alloc_19 = memref.alloc() {alignment = 64 : i64} : memref<f32, #hivm.address_space<ub>>
        memref.store %cst_1, %alloc_19[] : memref<f32, #hivm.address_space<ub>>
        func.call @_candidate_mmq_style_norm_after_attn_kernel_outlined_vf_3(%alloc_18, %alloc_19) {hivm.vector_function, no_inline} : (memref<8192xf32, #hivm.address_space<ub>>, memref<f32, #hivm.address_space<ub>>) -> ()
        %7 = memref.load %alloc_19[] : memref<f32, #hivm.address_space<ub>>
        %8 = arith.divf %7, %cst : f32
        %alloc_20 = memref.alloc() {alignment = 64 : i64} : memref<1xf32, #hivm.address_space<ub>>
        memref.store %8, %alloc_20[%c0] : memref<1xf32, #hivm.address_space<ub>>
        %alloc_21 = memref.alloc() {alignment = 64 : i64} : memref<8192xf32, #hivm.address_space<ub>>
        annotation.mark %alloc_21 {hivm.multi_buffer = 2 : i32} : memref<8192xf32, #hivm.address_space<ub>>
        %alloc_22 = memref.alloc() {alignment = 64 : i64} : memref<8192xf32, #hivm.address_space<ub>>
        func.call @_candidate_mmq_style_norm_after_attn_kernel_outlined_vf_4(%alloc_18, %alloc_8, %alloc_15, %alloc_20, %alloc, %alloc_21, %alloc_22) {hivm.vector_function, no_inline} : (memref<8192xf32, #hivm.address_space<ub>>, memref<8192xf32, #hivm.address_space<ub>>, memref<8192xf32, #hivm.address_space<ub>>, memref<1xf32, #hivm.address_space<ub>>, memref<1xf32, #hivm.address_space<ub>>, memref<8192xf32, #hivm.address_space<ub>>, memref<8192xf32, #hivm.address_space<ub>>) -> ()
        %alloc_23 = memref.alloc() {alignment = 64 : i64} : memref<f32, #hivm.address_space<ub>>
        memref.store %cst_1, %alloc_23[] : memref<f32, #hivm.address_space<ub>>
        func.call @_candidate_mmq_style_norm_after_attn_kernel_outlined_vf_5(%alloc_22, %alloc_23) {hivm.vector_function, no_inline} : (memref<8192xf32, #hivm.address_space<ub>>, memref<f32, #hivm.address_space<ub>>) -> ()
        %9 = memref.load %alloc_23[] : memref<f32, #hivm.address_space<ub>>
        %10 = arith.divf %9, %cst : f32
        %alloc_24 = memref.alloc() {alignment = 64 : i64} : memref<1xf32, #hivm.address_space<ub>>
        memref.store %10, %alloc_24[%c0] : memref<1xf32, #hivm.address_space<ub>>
        %alloc_25 = memref.alloc() {alignment = 64 : i64} : memref<8192xf32, #hivm.address_space<ub>>
        annotation.mark %alloc_25 {hivm.multi_buffer = 2 : i32} : memref<8192xf32, #hivm.address_space<ub>>
        func.call @_candidate_mmq_style_norm_after_attn_kernel_outlined_vf_6(%alloc_22, %alloc_9, %alloc_24, %alloc, %alloc_25) {hivm.vector_function, no_inline} : (memref<8192xf32, #hivm.address_space<ub>>, memref<8192xf32, #hivm.address_space<ub>>, memref<1xf32, #hivm.address_space<ub>>, memref<1xf32, #hivm.address_space<ub>>, memref<8192xf32, #hivm.address_space<ub>>) -> ()
        %reinterpret_cast_26 = memref.reinterpret_cast %arg7 to offset: [%6], sizes: [8192], strides: [1] : memref<?xf32, #hivm.address_space<gm>> to memref<8192xf32, strided<[1], offset: ?>, #hivm.address_space<gm>>
        %subview_27 = memref.subview %alloc_21[0] [2048] [1] : memref<8192xf32, #hivm.address_space<ub>> to memref<2048xf32, strided<[1]>, #hivm.address_space<ub>>
        %subview_28 = memref.subview %reinterpret_cast_26[0] [2048] [1] : memref<8192xf32, strided<[1], offset: ?>, #hivm.address_space<gm>> to memref<2048xf32, strided<[1], offset: ?>, #hivm.address_space<gm>>
        hivm.hir.store ins(%subview_27 : memref<2048xf32, strided<[1]>, #hivm.address_space<ub>>) outs(%subview_28 : memref<2048xf32, strided<[1], offset: ?>, #hivm.address_space<gm>>)
        %reinterpret_cast_29 = memref.reinterpret_cast %arg8 to offset: [%6], sizes: [8192], strides: [1] : memref<?xf32, #hivm.address_space<gm>> to memref<8192xf32, strided<[1], offset: ?>, #hivm.address_space<gm>>
        %subview_30 = memref.subview %alloc_25[0] [2048] [1] : memref<8192xf32, #hivm.address_space<ub>> to memref<2048xf32, strided<[1]>, #hivm.address_space<ub>>
        %subview_31 = memref.subview %reinterpret_cast_29[0] [2048] [1] : memref<8192xf32, strided<[1], offset: ?>, #hivm.address_space<gm>> to memref<2048xf32, strided<[1], offset: ?>, #hivm.address_space<gm>>
        hivm.hir.store ins(%subview_30 : memref<2048xf32, strided<[1]>, #hivm.address_space<ub>>) outs(%subview_31 : memref<2048xf32, strided<[1], offset: ?>, #hivm.address_space<gm>>)
        %reinterpret_cast_32 = memref.reinterpret_cast %arg6 to offset: [%6], sizes: [8192], strides: [1] : memref<?xbf16, #hivm.address_space<gm>> to memref<8192xbf16, strided<[1], offset: ?>, #hivm.address_space<gm>>
        %alloc_33 = memref.alloc() {alignment = 64 : i64} : memref<8192xbf16, #hivm.address_space<ub>>
        annotation.mark %alloc_33 {hivm.multi_buffer = 2 : i32} : memref<8192xbf16, #hivm.address_space<ub>>
        func.call @_candidate_mmq_style_norm_after_attn_kernel_outlined_vf_7(%alloc_25, %alloc_33) {hivm.vector_function, no_inline} : (memref<8192xf32, #hivm.address_space<ub>>, memref<8192xbf16, #hivm.address_space<ub>>) -> ()
        %subview_34 = memref.subview %alloc_33[0] [2048] [1] : memref<8192xbf16, #hivm.address_space<ub>> to memref<2048xbf16, strided<[1]>, #hivm.address_space<ub>>
        %subview_35 = memref.subview %reinterpret_cast_32[0] [2048] [1] : memref<8192xbf16, strided<[1], offset: ?>, #hivm.address_space<gm>> to memref<2048xbf16, strided<[1], offset: ?>, #hivm.address_space<gm>>
        hivm.hir.store ins(%subview_34 : memref<2048xbf16, strided<[1]>, #hivm.address_space<ub>>) outs(%subview_35 : memref<2048xbf16, strided<[1], offset: ?>, #hivm.address_space<gm>>)
      } {tt.num_stages = 2 : i32}
      hivm.hir.set_ctrl true at ctrl[60]
    } {autoblockify.subloop}
    return
  }
}


// -----// IR Dump After PlanMemory Failed (hivm-plan-memory) //----- //
#map = affine_map<(d0) -> (0)>
module attributes {dlti.target_system_spec = #dlti.target_system_spec<"NPU" : #hacc.target_device_spec<#dlti.dl_entry<"AI_CORE_COUNT", 28 : i32>, #dlti.dl_entry<"CUBE_CORE_COUNT", 28 : i32>, #dlti.dl_entry<"VECTOR_CORE_COUNT", 56 : i32>, #dlti.dl_entry<"UB_SIZE", 2031616 : i32>, #dlti.dl_entry<"L1_SIZE", 4194304 : i32>, #dlti.dl_entry<"L0A_SIZE", 524288 : i32>, #dlti.dl_entry<"L0B_SIZE", 524288 : i32>, #dlti.dl_entry<"L0C_SIZE", 2097152 : i32>, #dlti.dl_entry<"UB_ALIGN_SIZE", 256 : i32>, #dlti.dl_entry<"L1_ALIGN_SIZE", 256 : i32>, #dlti.dl_entry<"L0C_ALIGN_SIZE", 4096 : i32>, #dlti.dl_entry<"MINIMAL_D_CACHE_SIZE", 262144 : i32>, #dlti.dl_entry<"MAXIMUM_D_CACHE_SIZE", 983040 : i32>, #dlti.dl_entry<"ARCH", "dav-c310">>>, hacc.target = #hacc.target<"Ascend950PR_957b">, hivm.module_core_type = #hivm.module_core_type<AIV>} {
  func.func @_candidate_mmq_style_norm_after_attn_kernel_outlined_vf_0(%arg0: memref<8192xbf16, #hivm.address_space<ub>>) attributes {hivm.func_core_type = #hivm.func_core_type<AIV>, hivm.vector_function, no_inline} {
    %cst = arith.constant dense<0.000000e+00> : vector<128xbf16>
    %c128 = arith.constant 128 : index
    %c8192 = arith.constant 8192 : index
    %c0 = arith.constant 0 : index
    scf.for %arg1 = %c0 to %c8192 step %c128 {
      %subview = memref.subview %arg0[%arg1] [128] [1] : memref<8192xbf16, #hivm.address_space<ub>> to memref<128xbf16, strided<[1], offset: ?>, #hivm.address_space<ub>>
      vector.transfer_write %cst, %subview[%c0] {in_bounds = [true]} : vector<128xbf16>, memref<128xbf16, strided<[1], offset: ?>, #hivm.address_space<ub>>
    }
    return
  }
  func.func @_candidate_mmq_style_norm_after_attn_kernel_outlined_vf_1(%arg0: memref<8192xf32, #hivm.address_space<ub>>) attributes {hivm.func_core_type = #hivm.func_core_type<AIV>, hivm.vector_function, no_inline} {
    %cst = arith.constant dense<0.000000e+00> : vector<64xf32>
    %c64 = arith.constant 64 : index
    %c8192 = arith.constant 8192 : index
    %c0 = arith.constant 0 : index
    scf.for %arg1 = %c0 to %c8192 step %c64 {
      %subview = memref.subview %arg0[%arg1] [64] [1] : memref<8192xf32, #hivm.address_space<ub>> to memref<64xf32, strided<[1], offset: ?>, #hivm.address_space<ub>>
      vector.transfer_write %cst, %subview[%c0] {in_bounds = [true]} : vector<64xf32>, memref<64xf32, strided<[1], offset: ?>, #hivm.address_space<ub>>
    }
    return
  }
  func.func @_candidate_mmq_style_norm_after_attn_kernel_outlined_vf_2(%arg0: memref<8192xbf16, #hivm.address_space<ub>>, %arg1: memref<8192xf32, #hivm.address_space<ub>>) attributes {hivm.func_core_type = #hivm.func_core_type<AIV>, hivm.vector_function, no_inline} {
    %cst = arith.constant 0.000000e+00 : bf16
    %c64 = arith.constant 64 : index
    %c8192 = arith.constant 8192 : index
    %c0 = arith.constant 0 : index
    scf.for %arg2 = %c0 to %c8192 step %c64 {
      %subview = memref.subview %arg0[%arg2] [64] [1] : memref<8192xbf16, #hivm.address_space<ub>> to memref<64xbf16, strided<[1], offset: ?>, #hivm.address_space<ub>>
      %subview_0 = memref.subview %arg1[%arg2] [64] [1] : memref<8192xf32, #hivm.address_space<ub>> to memref<64xf32, strided<[1], offset: ?>, #hivm.address_space<ub>>
      %0 = vector.transfer_read %subview[%c0], %cst {in_bounds = [true]} : memref<64xbf16, strided<[1], offset: ?>, #hivm.address_space<ub>>, vector<64xbf16>
      %1 = arith.extf %0 {enable_saturate = false, round_mode = #hfusion.round_mode<rint>, unsigned_mode = #hfusion.unsigned_mode<si2si>} : vector<64xbf16> to vector<64xf32>
      vector.transfer_write %1, %subview_0[%c0] {in_bounds = [true]} : vector<64xf32>, memref<64xf32, strided<[1], offset: ?>, #hivm.address_space<ub>>
    }
    return
  }
  func.func @_candidate_mmq_style_norm_after_attn_kernel_outlined_vf_3(%arg0: memref<8192xf32, #hivm.address_space<ub>>, %arg1: memref<f32, #hivm.address_space<ub>>) attributes {hivm.func_core_type = #hivm.func_core_type<AIV>, hivm.vector_function, no_inline} {
    %cst = arith.constant 0.000000e+00 : f32
    %c64 = arith.constant 64 : index
    %c8192 = arith.constant 8192 : index
    %c0 = arith.constant 0 : index
    %0 = vector.transfer_read %arg1[], %cst : memref<f32, #hivm.address_space<ub>>, vector<f32>
    %1 = scf.for %arg2 = %c0 to %c8192 step %c64 iter_args(%arg3 = %0) -> (vector<f32>) {
      %subview = memref.subview %arg0[%arg2] [64] [1] : memref<8192xf32, #hivm.address_space<ub>> to memref<64xf32, strided<[1], offset: ?>, #hivm.address_space<ub>>
      %2 = vector.transfer_read %subview[%c0], %cst {in_bounds = [true]} : memref<64xf32, strided<[1], offset: ?>, #hivm.address_space<ub>>, vector<64xf32>
      %3 = vector.extractelement %arg3[] : vector<f32>
      %4 = arith.mulf %2, %2 : vector<64xf32>
      %5 = vector.multi_reduction <add>, %4, %3 [0] : vector<64xf32> to f32
      %6 = vector.broadcast %5 : f32 to vector<f32>
      scf.yield %6 : vector<f32>
    }
    vector.transfer_write %1, %arg1[] : vector<f32>, memref<f32, #hivm.address_space<ub>>
    return
  }
  func.func @_candidate_mmq_style_norm_after_attn_kernel_outlined_vf_4(%arg0: memref<8192xf32, #hivm.address_space<ub>>, %arg1: memref<8192xf32, #hivm.address_space<ub>>, %arg2: memref<8192xf32, #hivm.address_space<ub>>, %arg3: memref<1xf32, #hivm.address_space<ub>>, %arg4: memref<1xf32, #hivm.address_space<ub>>, %arg5: memref<8192xf32, #hivm.address_space<ub>>, %arg6: memref<8192xf32, #hivm.address_space<ub>>) attributes {hivm.func_core_type = #hivm.func_core_type<AIV>, hivm.vector_function, no_inline} {
    %cst = arith.constant dense<1.000000e+00> : vector<64xf32>
    %cst_0 = arith.constant 0.000000e+00 : f32
    %c64 = arith.constant 64 : index
    %c8192 = arith.constant 8192 : index
    %c0 = arith.constant 0 : index
    scf.for %arg7 = %c0 to %c8192 step %c64 {
      %subview = memref.subview %arg0[%arg7] [64] [1] : memref<8192xf32, #hivm.address_space<ub>> to memref<64xf32, strided<[1], offset: ?>, #hivm.address_space<ub>>
      %subview_1 = memref.subview %arg1[%arg7] [64] [1] : memref<8192xf32, #hivm.address_space<ub>> to memref<64xf32, strided<[1], offset: ?>, #hivm.address_space<ub>>
      %subview_2 = memref.subview %arg2[%arg7] [64] [1] : memref<8192xf32, #hivm.address_space<ub>> to memref<64xf32, strided<[1], offset: ?>, #hivm.address_space<ub>>
      %subview_3 = memref.subview %arg5[%arg7] [64] [1] : memref<8192xf32, #hivm.address_space<ub>> to memref<64xf32, strided<[1], offset: ?>, #hivm.address_space<ub>>
      %0 = vector.transfer_read %subview[%c0], %cst_0 {in_bounds = [true]} : memref<64xf32, strided<[1], offset: ?>, #hivm.address_space<ub>>, vector<64xf32>
      %1 = vector.transfer_read %arg3[%c0], %cst_0 {in_bounds = [true], permutation_map = #map} : memref<1xf32, #hivm.address_space<ub>>, vector<64xf32>
      %2 = vector.transfer_read %arg4[%c0], %cst_0 {in_bounds = [true], permutation_map = #map} : memref<1xf32, #hivm.address_space<ub>>, vector<64xf32>
      %3 = vector.transfer_read %subview_1[%c0], %cst_0 {in_bounds = [true]} : memref<64xf32, strided<[1], offset: ?>, #hivm.address_space<ub>>, vector<64xf32>
      %4 = vector.transfer_read %subview_2[%c0], %cst_0 {in_bounds = [true]} : memref<64xf32, strided<[1], offset: ?>, #hivm.address_space<ub>>, vector<64xf32>
      %5 = arith.addf %1, %2 : vector<64xf32>
      %6 = math.sqrt %5 : vector<64xf32>
      %7 = arith.divf %cst, %6 : vector<64xf32>
      %8 = arith.mulf %0, %7 : vector<64xf32>
      %9 = arith.mulf %8, %3 : vector<64xf32>
      %10 = arith.truncf %9 {enable_saturate = false, round_mode = #hfusion.round_mode<rint>, unsigned_mode = #hfusion.unsigned_mode<si2si>} : vector<64xf32> to vector<64xbf16>
      %11 = arith.extf %10 {enable_saturate = false, round_mode = #hfusion.round_mode<rint>, unsigned_mode = #hfusion.unsigned_mode<si2si>} : vector<64xbf16> to vector<64xf32>
      %12 = arith.addf %11, %4 : vector<64xf32>
      vector.transfer_write %12, %subview_3[%c0] {in_bounds = [true]} : vector<64xf32>, memref<64xf32, strided<[1], offset: ?>, #hivm.address_space<ub>>
    }
    scf.for %arg7 = %c0 to %c8192 step %c64 {
      %subview = memref.subview %arg5[%arg7] [64] [1] : memref<8192xf32, #hivm.address_space<ub>> to memref<64xf32, strided<[1], offset: ?>, #hivm.address_space<ub>>
      %subview_1 = memref.subview %arg6[%arg7] [64] [1] : memref<8192xf32, #hivm.address_space<ub>> to memref<64xf32, strided<[1], offset: ?>, #hivm.address_space<ub>>
      %0 = vector.transfer_read %subview[%c0], %cst_0 {in_bounds = [true]} : memref<64xf32, strided<[1], offset: ?>, #hivm.address_space<ub>>, vector<64xf32>
      %1 = arith.truncf %0 {enable_saturate = false, round_mode = #hfusion.round_mode<rint>, unsigned_mode = #hfusion.unsigned_mode<si2si>} : vector<64xf32> to vector<64xbf16>
      %2 = arith.extf %1 {enable_saturate = false, round_mode = #hfusion.round_mode<rint>, unsigned_mode = #hfusion.unsigned_mode<si2si>} : vector<64xbf16> to vector<64xf32>
      vector.transfer_write %2, %subview_1[%c0] {in_bounds = [true]} : vector<64xf32>, memref<64xf32, strided<[1], offset: ?>, #hivm.address_space<ub>>
    }
    return
  }
  func.func @_candidate_mmq_style_norm_after_attn_kernel_outlined_vf_5(%arg0: memref<8192xf32, #hivm.address_space<ub>>, %arg1: memref<f32, #hivm.address_space<ub>>) attributes {hivm.func_core_type = #hivm.func_core_type<AIV>, hivm.vector_function, no_inline} {
    %cst = arith.constant 0.000000e+00 : f32
    %c64 = arith.constant 64 : index
    %c8192 = arith.constant 8192 : index
    %c0 = arith.constant 0 : index
    %0 = vector.transfer_read %arg1[], %cst : memref<f32, #hivm.address_space<ub>>, vector<f32>
    %1 = scf.for %arg2 = %c0 to %c8192 step %c64 iter_args(%arg3 = %0) -> (vector<f32>) {
      %subview = memref.subview %arg0[%arg2] [64] [1] : memref<8192xf32, #hivm.address_space<ub>> to memref<64xf32, strided<[1], offset: ?>, #hivm.address_space<ub>>
      %2 = vector.transfer_read %subview[%c0], %cst {in_bounds = [true]} : memref<64xf32, strided<[1], offset: ?>, #hivm.address_space<ub>>, vector<64xf32>
      %3 = vector.extractelement %arg3[] : vector<f32>
      %4 = arith.mulf %2, %2 : vector<64xf32>
      %5 = vector.multi_reduction <add>, %4, %3 [0] : vector<64xf32> to f32
      %6 = vector.broadcast %5 : f32 to vector<f32>
      scf.yield %6 : vector<f32>
    }
    vector.transfer_write %1, %arg1[] : vector<f32>, memref<f32, #hivm.address_space<ub>>
    return
  }
  func.func @_candidate_mmq_style_norm_after_attn_kernel_outlined_vf_6(%arg0: memref<8192xf32, #hivm.address_space<ub>>, %arg1: memref<8192xf32, #hivm.address_space<ub>>, %arg2: memref<1xf32, #hivm.address_space<ub>>, %arg3: memref<1xf32, #hivm.address_space<ub>>, %arg4: memref<8192xf32, #hivm.address_space<ub>>) attributes {hivm.func_core_type = #hivm.func_core_type<AIV>, hivm.vector_function, no_inline} {
    %cst = arith.constant dense<1.000000e+00> : vector<64xf32>
    %cst_0 = arith.constant 0.000000e+00 : f32
    %c64 = arith.constant 64 : index
    %c8192 = arith.constant 8192 : index
    %c0 = arith.constant 0 : index
    scf.for %arg5 = %c0 to %c8192 step %c64 {
      %subview = memref.subview %arg0[%arg5] [64] [1] : memref<8192xf32, #hivm.address_space<ub>> to memref<64xf32, strided<[1], offset: ?>, #hivm.address_space<ub>>
      %subview_1 = memref.subview %arg1[%arg5] [64] [1] : memref<8192xf32, #hivm.address_space<ub>> to memref<64xf32, strided<[1], offset: ?>, #hivm.address_space<ub>>
      %subview_2 = memref.subview %arg4[%arg5] [64] [1] : memref<8192xf32, #hivm.address_space<ub>> to memref<64xf32, strided<[1], offset: ?>, #hivm.address_space<ub>>
      %0 = vector.transfer_read %subview[%c0], %cst_0 {in_bounds = [true]} : memref<64xf32, strided<[1], offset: ?>, #hivm.address_space<ub>>, vector<64xf32>
      %1 = vector.transfer_read %arg2[%c0], %cst_0 {in_bounds = [true], permutation_map = #map} : memref<1xf32, #hivm.address_space<ub>>, vector<64xf32>
      %2 = vector.transfer_read %arg3[%c0], %cst_0 {in_bounds = [true], permutation_map = #map} : memref<1xf32, #hivm.address_space<ub>>, vector<64xf32>
      %3 = vector.transfer_read %subview_1[%c0], %cst_0 {in_bounds = [true]} : memref<64xf32, strided<[1], offset: ?>, #hivm.address_space<ub>>, vector<64xf32>
      %4 = arith.addf %1, %2 : vector<64xf32>
      %5 = math.sqrt %4 : vector<64xf32>
      %6 = arith.divf %cst, %5 : vector<64xf32>
      %7 = arith.mulf %0, %6 : vector<64xf32>
      %8 = arith.mulf %7, %3 : vector<64xf32>
      vector.transfer_write %8, %subview_2[%c0] {in_bounds = [true]} : vector<64xf32>, memref<64xf32, strided<[1], offset: ?>, #hivm.address_space<ub>>
    }
    return
  }
  func.func @_candidate_mmq_style_norm_after_attn_kernel_outlined_vf_7(%arg0: memref<8192xf32, #hivm.address_space<ub>>, %arg1: memref<8192xbf16, #hivm.address_space<ub>>) attributes {hivm.func_core_type = #hivm.func_core_type<AIV>, hivm.vector_function, no_inline} {
    %cst = arith.constant 0.000000e+00 : f32
    %c64 = arith.constant 64 : index
    %c8192 = arith.constant 8192 : index
    %c0 = arith.constant 0 : index
    scf.for %arg2 = %c0 to %c8192 step %c64 {
      %subview = memref.subview %arg0[%arg2] [64] [1] : memref<8192xf32, #hivm.address_space<ub>> to memref<64xf32, strided<[1], offset: ?>, #hivm.address_space<ub>>
      %subview_0 = memref.subview %arg1[%arg2] [64] [1] : memref<8192xbf16, #hivm.address_space<ub>> to memref<64xbf16, strided<[1], offset: ?>, #hivm.address_space<ub>>
      %0 = vector.transfer_read %subview[%c0], %cst {in_bounds = [true]} : memref<64xf32, strided<[1], offset: ?>, #hivm.address_space<ub>>, vector<64xf32>
      %1 = arith.truncf %0 {enable_saturate = false, round_mode = #hfusion.round_mode<rint>, unsigned_mode = #hfusion.unsigned_mode<si2si>} : vector<64xf32> to vector<64xbf16>
      vector.transfer_write %1, %subview_0[%c0] {in_bounds = [true]} : vector<64xbf16>, memref<64xbf16, strided<[1], offset: ?>, #hivm.address_space<ub>>
    }
    return
  }
  func.func @_candidate_mmq_style_norm_after_attn_kernel_outlined_vf_8(%arg0: memref<8192xbf16, #hivm.address_space<ub>>) attributes {hivm.func_core_type = #hivm.func_core_type<AIV>, hivm.vector_function, no_inline} {
    %cst = arith.constant dense<0.000000e+00> : vector<128xbf16>
    %c128 = arith.constant 128 : index
    %c8192 = arith.constant 8192 : index
    %c0 = arith.constant 0 : index
    scf.for %arg1 = %c0 to %c8192 step %c128 {
      %subview = memref.subview %arg0[%arg1] [128] [1] : memref<8192xbf16, #hivm.address_space<ub>> to memref<128xbf16, strided<[1], offset: ?>, #hivm.address_space<ub>>
      vector.transfer_write %cst, %subview[%c0] {in_bounds = [true]} : vector<128xbf16>, memref<128xbf16, strided<[1], offset: ?>, #hivm.address_space<ub>>
    }
    return
  }
  func.func @_candidate_mmq_style_norm_after_attn_kernel_outlined_vf_9(%arg0: memref<8192xbf16, #hivm.address_space<ub>>) attributes {hivm.func_core_type = #hivm.func_core_type<AIV>, hivm.vector_function, no_inline} {
    %cst = arith.constant dense<0.000000e+00> : vector<128xbf16>
    %c128 = arith.constant 128 : index
    %c8192 = arith.constant 8192 : index
    %c0 = arith.constant 0 : index
    scf.for %arg1 = %c0 to %c8192 step %c128 {
      %subview = memref.subview %arg0[%arg1] [128] [1] : memref<8192xbf16, #hivm.address_space<ub>> to memref<128xbf16, strided<[1], offset: ?>, #hivm.address_space<ub>>
      vector.transfer_write %cst, %subview[%c0] {in_bounds = [true]} : vector<128xbf16>, memref<128xbf16, strided<[1], offset: ?>, #hivm.address_space<ub>>
    }
    return
  }
  func.func @_candidate_mmq_style_norm_after_attn_kernel_outlined_vf_10(%arg0: memref<8192xbf16, #hivm.address_space<ub>>, %arg1: memref<8192xbf16, #hivm.address_space<ub>>, %arg2: memref<8192xf32, #hivm.address_space<ub>>, %arg3: memref<8192xf32, #hivm.address_space<ub>>) attributes {hivm.func_core_type = #hivm.func_core_type<AIV>, hivm.vector_function, no_inline} {
    %cst = arith.constant 0.000000e+00 : bf16
    %c64 = arith.constant 64 : index
    %c8192 = arith.constant 8192 : index
    %c0 = arith.constant 0 : index
    scf.for %arg4 = %c0 to %c8192 step %c64 {
      %subview = memref.subview %arg0[%arg4] [64] [1] : memref<8192xbf16, #hivm.address_space<ub>> to memref<64xbf16, strided<[1], offset: ?>, #hivm.address_space<ub>>
      %subview_0 = memref.subview %arg2[%arg4] [64] [1] : memref<8192xf32, #hivm.address_space<ub>> to memref<64xf32, strided<[1], offset: ?>, #hivm.address_space<ub>>
      %0 = vector.transfer_read %subview[%c0], %cst {in_bounds = [true]} : memref<64xbf16, strided<[1], offset: ?>, #hivm.address_space<ub>>, vector<64xbf16>
      %1 = arith.extf %0 {enable_saturate = false, round_mode = #hfusion.round_mode<rint>, unsigned_mode = #hfusion.unsigned_mode<si2si>} : vector<64xbf16> to vector<64xf32>
      vector.transfer_write %1, %subview_0[%c0] {in_bounds = [true]} : vector<64xf32>, memref<64xf32, strided<[1], offset: ?>, #hivm.address_space<ub>>
      %subview_1 = memref.subview %arg1[%arg4] [64] [1] : memref<8192xbf16, #hivm.address_space<ub>> to memref<64xbf16, strided<[1], offset: ?>, #hivm.address_space<ub>>
      %subview_2 = memref.subview %arg3[%arg4] [64] [1] : memref<8192xf32, #hivm.address_space<ub>> to memref<64xf32, strided<[1], offset: ?>, #hivm.address_space<ub>>
      %2 = vector.transfer_read %subview_1[%c0], %cst {in_bounds = [true]} : memref<64xbf16, strided<[1], offset: ?>, #hivm.address_space<ub>>, vector<64xbf16>
      %3 = arith.extf %2 {enable_saturate = false, round_mode = #hfusion.round_mode<rint>, unsigned_mode = #hfusion.unsigned_mode<si2si>} : vector<64xbf16> to vector<64xf32>
      vector.transfer_write %3, %subview_2[%c0] {in_bounds = [true]} : vector<64xf32>, memref<64xf32, strided<[1], offset: ?>, #hivm.address_space<ub>>
    }
    return
  }
  func.func @_candidate_mmq_style_norm_after_attn_kernel(%arg0: memref<?xi8, #hivm.address_space<gm>> {hacc.arg_type = #hacc.arg_type<sync_block_lock>}, %arg1: memref<?xi8, #hivm.address_space<gm>> {hacc.arg_type = #hacc.arg_type<workspace>}, %arg2: memref<?xbf16, #hivm.address_space<gm>> {tt.divisibility = 16 : i32, tt.tensor_kind = 0 : i32}, %arg3: memref<?xf32, #hivm.address_space<gm>> {tt.divisibility = 16 : i32, tt.tensor_kind = 0 : i32}, %arg4: memref<?xbf16, #hivm.address_space<gm>> {tt.divisibility = 16 : i32, tt.tensor_kind = 0 : i32}, %arg5: memref<?xbf16, #hivm.address_space<gm>> {tt.divisibility = 16 : i32, tt.tensor_kind = 0 : i32}, %arg6: memref<?xbf16, #hivm.address_space<gm>> {tt.divisibility = 16 : i32, tt.tensor_kind = 1 : i32}, %arg7: memref<?xf32, #hivm.address_space<gm>> {tt.divisibility = 16 : i32, tt.tensor_kind = 1 : i32}, %arg8: memref<?xf32, #hivm.address_space<gm>> {tt.divisibility = 16 : i32, tt.tensor_kind = 1 : i32}, %arg9: i32, %arg10: f32, %arg11: i32, %arg12: i32, %arg13: i32) attributes {SyncBlockLockArgIdx = 0 : i64, WorkspaceArgIdx = 1 : i64, func_dyn_memref_args = dense<[true, true, true, true, true, true, true, true, true, false, false, false, false, false]> : vector<14xi1>, hacc.entry, hacc.function_kind = #hacc.function_kind<DEVICE>, hivm.func_core_type = #hivm.func_core_type<AIV>, hivm.vf_mode = #hivm.vf_mode<SIMD>, mix_mode = "aiv", parallel_mode = "simd"} {
    %cst = arith.constant 2.048000e+03 : f32
    %c2048_i32 = arith.constant 2048 : i32
    %c0 = arith.constant 0 : index
    %cst_0 = arith.constant 0.000000e+00 : bf16
    %cst_1 = arith.constant 0.000000e+00 : f32
    %c56_i32 = arith.constant 56 : i32
    %0 = arith.muli %arg11, %arg12 : i32
    %1 = arith.muli %0, %arg13 : i32
    annotation.mark %1 {logical_block_num} : i32
    %2 = hivm.hir.get_block_idx -> i64
    %3 = arith.trunci %2 : i64 to i32
    %reinterpret_cast = memref.reinterpret_cast %arg4 to offset: [0], sizes: [8192], strides: [1] : memref<?xbf16, #hivm.address_space<gm>> to memref<8192xbf16, strided<[1]>, #hivm.address_space<gm>>
    %subview = memref.subview %reinterpret_cast[0] [2048] [1] : memref<8192xbf16, strided<[1]>, #hivm.address_space<gm>> to memref<2048xbf16, #hivm.address_space<gm>>
    %reinterpret_cast_2 = memref.reinterpret_cast %arg5 to offset: [0], sizes: [8192], strides: [1] : memref<?xbf16, #hivm.address_space<gm>> to memref<8192xbf16, strided<[1]>, #hivm.address_space<gm>>
    %subview_3 = memref.subview %reinterpret_cast_2[0] [2048] [1] : memref<8192xbf16, strided<[1]>, #hivm.address_space<gm>> to memref<2048xbf16, #hivm.address_space<gm>>
    %alloc = memref.alloc() {alignment = 64 : i64} : memref<1xf32, #hivm.address_space<ub>>
    memref.store %arg10, %alloc[%c0] : memref<1xf32, #hivm.address_space<ub>>
    scf.for %arg14 = %3 to %1 step %c56_i32  : i32 {
      hivm.hir.set_ctrl false at ctrl[60]
      hivm.hir.set_ctrl true at ctrl[48]
      %4 = arith.remsi %arg14, %arg11 : i32
      %alloc_4 = memref.alloc() : memref<8192xbf16, #hivm.address_space<ub>>
      annotation.mark %alloc_4 {hivm.multi_buffer = 2 : i32} : memref<8192xbf16, #hivm.address_space<ub>>
      func.call @_candidate_mmq_style_norm_after_attn_kernel_outlined_vf_8(%alloc_4) {hivm.vector_function, no_inline} : (memref<8192xbf16, #hivm.address_space<ub>>) -> ()
      %subview_5 = memref.subview %alloc_4[0] [2048] [1] : memref<8192xbf16, #hivm.address_space<ub>> to memref<2048xbf16, #hivm.address_space<ub>>
      hivm.hir.load ins(%subview : memref<2048xbf16, #hivm.address_space<gm>>) outs(%subview_5 : memref<2048xbf16, #hivm.address_space<ub>>) pad_mode = <PadValue> pad_value = %cst_0 : bf16 left_padding_num = %c0 : index eviction_policy = <EvictFirst> core_type = <VECTOR>
      %alloc_6 = memref.alloc() : memref<8192xbf16, #hivm.address_space<ub>>
      annotation.mark %alloc_6 {hivm.multi_buffer = 2 : i32} : memref<8192xbf16, #hivm.address_space<ub>>
      func.call @_candidate_mmq_style_norm_after_attn_kernel_outlined_vf_9(%alloc_6) {hivm.vector_function, no_inline} : (memref<8192xbf16, #hivm.address_space<ub>>) -> ()
      %subview_7 = memref.subview %alloc_6[0] [2048] [1] : memref<8192xbf16, #hivm.address_space<ub>> to memref<2048xbf16, #hivm.address_space<ub>>
      hivm.hir.load ins(%subview_3 : memref<2048xbf16, #hivm.address_space<gm>>) outs(%subview_7 : memref<2048xbf16, #hivm.address_space<ub>>) pad_mode = <PadValue> pad_value = %cst_0 : bf16 left_padding_num = %c0 : index eviction_policy = <EvictFirst> core_type = <VECTOR>
      %alloc_8 = memref.alloc() {alignment = 64 : i64} : memref<8192xf32, #hivm.address_space<ub>>
      %alloc_9 = memref.alloc() {alignment = 64 : i64} : memref<8192xf32, #hivm.address_space<ub>>
      func.call @_candidate_mmq_style_norm_after_attn_kernel_outlined_vf_10(%alloc_4, %alloc_6, %alloc_8, %alloc_9) {hivm.vector_function, no_inline} : (memref<8192xbf16, #hivm.address_space<ub>>, memref<8192xbf16, #hivm.address_space<ub>>, memref<8192xf32, #hivm.address_space<ub>>, memref<8192xf32, #hivm.address_space<ub>>) -> ()
      scf.for %arg15 = %4 to %arg9 step %arg11  : i32 {
        %5 = arith.muli %arg15, %c2048_i32 : i32
        %6 = arith.index_cast %5 : i32 to index
        %reinterpret_cast_10 = memref.reinterpret_cast %arg2 to offset: [%6], sizes: [8192], strides: [1] : memref<?xbf16, #hivm.address_space<gm>> to memref<8192xbf16, strided<[1], offset: ?>, #hivm.address_space<gm>>
        %alloc_11 = memref.alloc() : memref<8192xbf16, #hivm.address_space<ub>>
        annotation.mark %alloc_11 {hivm.multi_buffer = 2 : i32} : memref<8192xbf16, #hivm.address_space<ub>>
        func.call @_candidate_mmq_style_norm_after_attn_kernel_outlined_vf_0(%alloc_11) {hivm.vector_function, no_inline} : (memref<8192xbf16, #hivm.address_space<ub>>) -> ()
        %subview_12 = memref.subview %reinterpret_cast_10[0] [2048] [1] : memref<8192xbf16, strided<[1], offset: ?>, #hivm.address_space<gm>> to memref<2048xbf16, strided<[1], offset: ?>, #hivm.address_space<gm>>
        %subview_13 = memref.subview %alloc_11[0] [2048] [1] : memref<8192xbf16, #hivm.address_space<ub>> to memref<2048xbf16, #hivm.address_space<ub>>
        hivm.hir.load ins(%subview_12 : memref<2048xbf16, strided<[1], offset: ?>, #hivm.address_space<gm>>) outs(%subview_13 : memref<2048xbf16, #hivm.address_space<ub>>) pad_mode = <PadValue> pad_value = %cst_0 : bf16 left_padding_num = %c0 : index eviction_policy = <EvictFirst> core_type = <VECTOR>
        %reinterpret_cast_14 = memref.reinterpret_cast %arg3 to offset: [%6], sizes: [8192], strides: [1] : memref<?xf32, #hivm.address_space<gm>> to memref<8192xf32, strided<[1], offset: ?>, #hivm.address_space<gm>>
        %alloc_15 = memref.alloc() : memref<8192xf32, #hivm.address_space<ub>>
        annotation.mark %alloc_15 {hivm.multi_buffer = 2 : i32} : memref<8192xf32, #hivm.address_space<ub>>
        func.call @_candidate_mmq_style_norm_after_attn_kernel_outlined_vf_1(%alloc_15) {hivm.vector_function, no_inline} : (memref<8192xf32, #hivm.address_space<ub>>) -> ()
        %subview_16 = memref.subview %reinterpret_cast_14[0] [2048] [1] : memref<8192xf32, strided<[1], offset: ?>, #hivm.address_space<gm>> to memref<2048xf32, strided<[1], offset: ?>, #hivm.address_space<gm>>
        %subview_17 = memref.subview %alloc_15[0] [2048] [1] : memref<8192xf32, #hivm.address_space<ub>> to memref<2048xf32, #hivm.address_space<ub>>
        hivm.hir.load ins(%subview_16 : memref<2048xf32, strided<[1], offset: ?>, #hivm.address_space<gm>>) outs(%subview_17 : memref<2048xf32, #hivm.address_space<ub>>) pad_mode = <PadValue> pad_value = %cst_1 : f32 left_padding_num = %c0 : index eviction_policy = <EvictFirst> core_type = <VECTOR>
        %alloc_18 = memref.alloc() {alignment = 64 : i64} : memref<8192xf32, #hivm.address_space<ub>>
        func.call @_candidate_mmq_style_norm_after_attn_kernel_outlined_vf_2(%alloc_11, %alloc_18) {hivm.vector_function, no_inline} : (memref<8192xbf16, #hivm.address_space<ub>>, memref<8192xf32, #hivm.address_space<ub>>) -> ()
        %alloc_19 = memref.alloc() {alignment = 64 : i64} : memref<f32, #hivm.address_space<ub>>
        memref.store %cst_1, %alloc_19[] : memref<f32, #hivm.address_space<ub>>
        func.call @_candidate_mmq_style_norm_after_attn_kernel_outlined_vf_3(%alloc_18, %alloc_19) {hivm.vector_function, no_inline} : (memref<8192xf32, #hivm.address_space<ub>>, memref<f32, #hivm.address_space<ub>>) -> ()
        %7 = memref.load %alloc_19[] : memref<f32, #hivm.address_space<ub>>
        %8 = arith.divf %7, %cst : f32
        %alloc_20 = memref.alloc() {alignment = 64 : i64} : memref<1xf32, #hivm.address_space<ub>>
        memref.store %8, %alloc_20[%c0] : memref<1xf32, #hivm.address_space<ub>>
        %alloc_21 = memref.alloc() {alignment = 64 : i64} : memref<8192xf32, #hivm.address_space<ub>>
        annotation.mark %alloc_21 {hivm.multi_buffer = 2 : i32} : memref<8192xf32, #hivm.address_space<ub>>
        %alloc_22 = memref.alloc() {alignment = 64 : i64} : memref<8192xf32, #hivm.address_space<ub>>
        func.call @_candidate_mmq_style_norm_after_attn_kernel_outlined_vf_4(%alloc_18, %alloc_8, %alloc_15, %alloc_20, %alloc, %alloc_21, %alloc_22) {hivm.vector_function, no_inline} : (memref<8192xf32, #hivm.address_space<ub>>, memref<8192xf32, #hivm.address_space<ub>>, memref<8192xf32, #hivm.address_space<ub>>, memref<1xf32, #hivm.address_space<ub>>, memref<1xf32, #hivm.address_space<ub>>, memref<8192xf32, #hivm.address_space<ub>>, memref<8192xf32, #hivm.address_space<ub>>) -> ()
        %alloc_23 = memref.alloc() {alignment = 64 : i64} : memref<f32, #hivm.address_space<ub>>
        memref.store %cst_1, %alloc_23[] : memref<f32, #hivm.address_space<ub>>
        func.call @_candidate_mmq_style_norm_after_attn_kernel_outlined_vf_5(%alloc_22, %alloc_23) {hivm.vector_function, no_inline} : (memref<8192xf32, #hivm.address_space<ub>>, memref<f32, #hivm.address_space<ub>>) -> ()
        %9 = memref.load %alloc_23[] : memref<f32, #hivm.address_space<ub>>
        %10 = arith.divf %9, %cst : f32
        %alloc_24 = memref.alloc() {alignment = 64 : i64} : memref<1xf32, #hivm.address_space<ub>>
        memref.store %10, %alloc_24[%c0] : memref<1xf32, #hivm.address_space<ub>>
        %alloc_25 = memref.alloc() {alignment = 64 : i64} : memref<8192xf32, #hivm.address_space<ub>>
        annotation.mark %alloc_25 {hivm.multi_buffer = 2 : i32} : memref<8192xf32, #hivm.address_space<ub>>
        func.call @_candidate_mmq_style_norm_after_attn_kernel_outlined_vf_6(%alloc_22, %alloc_9, %alloc_24, %alloc, %alloc_25) {hivm.vector_function, no_inline} : (memref<8192xf32, #hivm.address_space<ub>>, memref<8192xf32, #hivm.address_space<ub>>, memref<1xf32, #hivm.address_space<ub>>, memref<1xf32, #hivm.address_space<ub>>, memref<8192xf32, #hivm.address_space<ub>>) -> ()
        %reinterpret_cast_26 = memref.reinterpret_cast %arg7 to offset: [%6], sizes: [8192], strides: [1] : memref<?xf32, #hivm.address_space<gm>> to memref<8192xf32, strided<[1], offset: ?>, #hivm.address_space<gm>>
        %subview_27 = memref.subview %alloc_21[0] [2048] [1] : memref<8192xf32, #hivm.address_space<ub>> to memref<2048xf32, strided<[1]>, #hivm.address_space<ub>>
        %subview_28 = memref.subview %reinterpret_cast_26[0] [2048] [1] : memref<8192xf32, strided<[1], offset: ?>, #hivm.address_space<gm>> to memref<2048xf32, strided<[1], offset: ?>, #hivm.address_space<gm>>
        hivm.hir.store ins(%subview_27 : memref<2048xf32, strided<[1]>, #hivm.address_space<ub>>) outs(%subview_28 : memref<2048xf32, strided<[1], offset: ?>, #hivm.address_space<gm>>)
        %reinterpret_cast_29 = memref.reinterpret_cast %arg8 to offset: [%6], sizes: [8192], strides: [1] : memref<?xf32, #hivm.address_space<gm>> to memref<8192xf32, strided<[1], offset: ?>, #hivm.address_space<gm>>
        %subview_30 = memref.subview %alloc_25[0] [2048] [1] : memref<8192xf32, #hivm.address_space<ub>> to memref<2048xf32, strided<[1]>, #hivm.address_space<ub>>
        %subview_31 = memref.subview %reinterpret_cast_29[0] [2048] [1] : memref<8192xf32, strided<[1], offset: ?>, #hivm.address_space<gm>> to memref<2048xf32, strided<[1], offset: ?>, #hivm.address_space<gm>>
        hivm.hir.store ins(%subview_30 : memref<2048xf32, strided<[1]>, #hivm.address_space<ub>>) outs(%subview_31 : memref<2048xf32, strided<[1], offset: ?>, #hivm.address_space<gm>>)
        %reinterpret_cast_32 = memref.reinterpret_cast %arg6 to offset: [%6], sizes: [8192], strides: [1] : memref<?xbf16, #hivm.address_space<gm>> to memref<8192xbf16, strided<[1], offset: ?>, #hivm.address_space<gm>>
        %alloc_33 = memref.alloc() {alignment = 64 : i64} : memref<8192xbf16, #hivm.address_space<ub>>
        annotation.mark %alloc_33 {hivm.multi_buffer = 2 : i32} : memref<8192xbf16, #hivm.address_space<ub>>
        func.call @_candidate_mmq_style_norm_after_attn_kernel_outlined_vf_7(%alloc_25, %alloc_33) {hivm.vector_function, no_inline} : (memref<8192xf32, #hivm.address_space<ub>>, memref<8192xbf16, #hivm.address_space<ub>>) -> ()
        %subview_34 = memref.subview %alloc_33[0] [2048] [1] : memref<8192xbf16, #hivm.address_space<ub>> to memref<2048xbf16, strided<[1]>, #hivm.address_space<ub>>
        %subview_35 = memref.subview %reinterpret_cast_32[0] [2048] [1] : memref<8192xbf16, strided<[1], offset: ?>, #hivm.address_space<gm>> to memref<2048xbf16, strided<[1], offset: ?>, #hivm.address_space<gm>>
        hivm.hir.store ins(%subview_34 : memref<2048xbf16, strided<[1]>, #hivm.address_space<ub>>) outs(%subview_35 : memref<2048xbf16, strided<[1], offset: ?>, #hivm.address_space<gm>>)
      } {tt.num_stages = 2 : i32}
      hivm.hir.set_ctrl true at ctrl[60]
    } {autoblockify.subloop}
    return
  }
}


// -----// IR Dump After PlanMemory Failed (hivm-plan-memory) //----- //
#map = affine_map<(d0) -> (0)>
module attributes {dlti.target_system_spec = #dlti.target_system_spec<"NPU" : #hacc.target_device_spec<#dlti.dl_entry<"AI_CORE_COUNT", 28 : i32>, #dlti.dl_entry<"CUBE_CORE_COUNT", 28 : i32>, #dlti.dl_entry<"VECTOR_CORE_COUNT", 56 : i32>, #dlti.dl_entry<"UB_SIZE", 2031616 : i32>, #dlti.dl_entry<"L1_SIZE", 4194304 : i32>, #dlti.dl_entry<"L0A_SIZE", 524288 : i32>, #dlti.dl_entry<"L0B_SIZE", 524288 : i32>, #dlti.dl_entry<"L0C_SIZE", 2097152 : i32>, #dlti.dl_entry<"UB_ALIGN_SIZE", 256 : i32>, #dlti.dl_entry<"L1_ALIGN_SIZE", 256 : i32>, #dlti.dl_entry<"L0C_ALIGN_SIZE", 4096 : i32>, #dlti.dl_entry<"MINIMAL_D_CACHE_SIZE", 262144 : i32>, #dlti.dl_entry<"MAXIMUM_D_CACHE_SIZE", 983040 : i32>, #dlti.dl_entry<"ARCH", "dav-c310">>>, hacc.target = #hacc.target<"Ascend950PR_957b">, hivm.module_core_type = #hivm.module_core_type<AIV>} {
  func.func @_candidate_mmq_style_norm_after_attn_kernel_outlined_vf_0(%arg0: memref<8192xbf16, #hivm.address_space<ub>>) attributes {hivm.func_core_type = #hivm.func_core_type<AIV>, hivm.vector_function, no_inline} {
    %cst = arith.constant dense<0.000000e+00> : vector<128xbf16>
    %c128 = arith.constant 128 : index
    %c8192 = arith.constant 8192 : index
    %c0 = arith.constant 0 : index
    scf.for %arg1 = %c0 to %c8192 step %c128 {
      %subview = memref.subview %arg0[%arg1] [128] [1] : memref<8192xbf16, #hivm.address_space<ub>> to memref<128xbf16, strided<[1], offset: ?>, #hivm.address_space<ub>>
      vector.transfer_write %cst, %subview[%c0] {in_bounds = [true]} : vector<128xbf16>, memref<128xbf16, strided<[1], offset: ?>, #hivm.address_space<ub>>
    }
    return
  }
  func.func @_candidate_mmq_style_norm_after_attn_kernel_outlined_vf_1(%arg0: memref<8192xf32, #hivm.address_space<ub>>) attributes {hivm.func_core_type = #hivm.func_core_type<AIV>, hivm.vector_function, no_inline} {
    %cst = arith.constant dense<0.000000e+00> : vector<64xf32>
    %c64 = arith.constant 64 : index
    %c8192 = arith.constant 8192 : index
    %c0 = arith.constant 0 : index
    scf.for %arg1 = %c0 to %c8192 step %c64 {
      %subview = memref.subview %arg0[%arg1] [64] [1] : memref<8192xf32, #hivm.address_space<ub>> to memref<64xf32, strided<[1], offset: ?>, #hivm.address_space<ub>>
      vector.transfer_write %cst, %subview[%c0] {in_bounds = [true]} : vector<64xf32>, memref<64xf32, strided<[1], offset: ?>, #hivm.address_space<ub>>
    }
    return
  }
  func.func @_candidate_mmq_style_norm_after_attn_kernel_outlined_vf_2(%arg0: memref<8192xbf16, #hivm.address_space<ub>>, %arg1: memref<8192xf32, #hivm.address_space<ub>>) attributes {hivm.func_core_type = #hivm.func_core_type<AIV>, hivm.vector_function, no_inline} {
    %cst = arith.constant 0.000000e+00 : bf16
    %c64 = arith.constant 64 : index
    %c8192 = arith.constant 8192 : index
    %c0 = arith.constant 0 : index
    scf.for %arg2 = %c0 to %c8192 step %c64 {
      %subview = memref.subview %arg0[%arg2] [64] [1] : memref<8192xbf16, #hivm.address_space<ub>> to memref<64xbf16, strided<[1], offset: ?>, #hivm.address_space<ub>>
      %subview_0 = memref.subview %arg1[%arg2] [64] [1] : memref<8192xf32, #hivm.address_space<ub>> to memref<64xf32, strided<[1], offset: ?>, #hivm.address_space<ub>>
      %0 = vector.transfer_read %subview[%c0], %cst {in_bounds = [true]} : memref<64xbf16, strided<[1], offset: ?>, #hivm.address_space<ub>>, vector<64xbf16>
      %1 = arith.extf %0 {enable_saturate = false, round_mode = #hfusion.round_mode<rint>, unsigned_mode = #hfusion.unsigned_mode<si2si>} : vector<64xbf16> to vector<64xf32>
      vector.transfer_write %1, %subview_0[%c0] {in_bounds = [true]} : vector<64xf32>, memref<64xf32, strided<[1], offset: ?>, #hivm.address_space<ub>>
    }
    return
  }
  func.func @_candidate_mmq_style_norm_after_attn_kernel_outlined_vf_3(%arg0: memref<8192xf32, #hivm.address_space<ub>>, %arg1: memref<f32, #hivm.address_space<ub>>) attributes {hivm.func_core_type = #hivm.func_core_type<AIV>, hivm.vector_function, no_inline} {
    %cst = arith.constant 0.000000e+00 : f32
    %c64 = arith.constant 64 : index
    %c8192 = arith.constant 8192 : index
    %c0 = arith.constant 0 : index
    %0 = vector.transfer_read %arg1[], %cst : memref<f32, #hivm.address_space<ub>>, vector<f32>
    %1 = scf.for %arg2 = %c0 to %c8192 step %c64 iter_args(%arg3 = %0) -> (vector<f32>) {
      %subview = memref.subview %arg0[%arg2] [64] [1] : memref<8192xf32, #hivm.address_space<ub>> to memref<64xf32, strided<[1], offset: ?>, #hivm.address_space<ub>>
      %2 = vector.transfer_read %subview[%c0], %cst {in_bounds = [true]} : memref<64xf32, strided<[1], offset: ?>, #hivm.address_space<ub>>, vector<64xf32>
      %3 = vector.extractelement %arg3[] : vector<f32>
      %4 = arith.mulf %2, %2 : vector<64xf32>
      %5 = vector.multi_reduction <add>, %4, %3 [0] : vector<64xf32> to f32
      %6 = vector.broadcast %5 : f32 to vector<f32>
      scf.yield %6 : vector<f32>
    }
    vector.transfer_write %1, %arg1[] : vector<f32>, memref<f32, #hivm.address_space<ub>>
    return
  }
  func.func @_candidate_mmq_style_norm_after_attn_kernel_outlined_vf_4(%arg0: memref<8192xf32, #hivm.address_space<ub>>, %arg1: memref<8192xf32, #hivm.address_space<ub>>, %arg2: memref<8192xf32, #hivm.address_space<ub>>, %arg3: memref<1xf32, #hivm.address_space<ub>>, %arg4: memref<1xf32, #hivm.address_space<ub>>, %arg5: memref<8192xf32, #hivm.address_space<ub>>, %arg6: memref<8192xf32, #hivm.address_space<ub>>) attributes {hivm.func_core_type = #hivm.func_core_type<AIV>, hivm.vector_function, no_inline} {
    %cst = arith.constant dense<1.000000e+00> : vector<64xf32>
    %cst_0 = arith.constant 0.000000e+00 : f32
    %c64 = arith.constant 64 : index
    %c8192 = arith.constant 8192 : index
    %c0 = arith.constant 0 : index
    scf.for %arg7 = %c0 to %c8192 step %c64 {
      %subview = memref.subview %arg0[%arg7] [64] [1] : memref<8192xf32, #hivm.address_space<ub>> to memref<64xf32, strided<[1], offset: ?>, #hivm.address_space<ub>>
      %subview_1 = memref.subview %arg1[%arg7] [64] [1] : memref<8192xf32, #hivm.address_space<ub>> to memref<64xf32, strided<[1], offset: ?>, #hivm.address_space<ub>>
      %subview_2 = memref.subview %arg2[%arg7] [64] [1] : memref<8192xf32, #hivm.address_space<ub>> to memref<64xf32, strided<[1], offset: ?>, #hivm.address_space<ub>>
      %subview_3 = memref.subview %arg5[%arg7] [64] [1] : memref<8192xf32, #hivm.address_space<ub>> to memref<64xf32, strided<[1], offset: ?>, #hivm.address_space<ub>>
      %0 = vector.transfer_read %subview[%c0], %cst_0 {in_bounds = [true]} : memref<64xf32, strided<[1], offset: ?>, #hivm.address_space<ub>>, vector<64xf32>
      %1 = vector.transfer_read %arg3[%c0], %cst_0 {in_bounds = [true], permutation_map = #map} : memref<1xf32, #hivm.address_space<ub>>, vector<64xf32>
      %2 = vector.transfer_read %arg4[%c0], %cst_0 {in_bounds = [true], permutation_map = #map} : memref<1xf32, #hivm.address_space<ub>>, vector<64xf32>
      %3 = vector.transfer_read %subview_1[%c0], %cst_0 {in_bounds = [true]} : memref<64xf32, strided<[1], offset: ?>, #hivm.address_space<ub>>, vector<64xf32>
      %4 = vector.transfer_read %subview_2[%c0], %cst_0 {in_bounds = [true]} : memref<64xf32, strided<[1], offset: ?>, #hivm.address_space<ub>>, vector<64xf32>
      %5 = arith.addf %1, %2 : vector<64xf32>
      %6 = math.sqrt %5 : vector<64xf32>
      %7 = arith.divf %cst, %6 : vector<64xf32>
      %8 = arith.mulf %0, %7 : vector<64xf32>
      %9 = arith.mulf %8, %3 : vector<64xf32>
      %10 = arith.truncf %9 {enable_saturate = false, round_mode = #hfusion.round_mode<rint>, unsigned_mode = #hfusion.unsigned_mode<si2si>} : vector<64xf32> to vector<64xbf16>
      %11 = arith.extf %10 {enable_saturate = false, round_mode = #hfusion.round_mode<rint>, unsigned_mode = #hfusion.unsigned_mode<si2si>} : vector<64xbf16> to vector<64xf32>
      %12 = arith.addf %11, %4 : vector<64xf32>
      vector.transfer_write %12, %subview_3[%c0] {in_bounds = [true]} : vector<64xf32>, memref<64xf32, strided<[1], offset: ?>, #hivm.address_space<ub>>
    }
    scf.for %arg7 = %c0 to %c8192 step %c64 {
      %subview = memref.subview %arg5[%arg7] [64] [1] : memref<8192xf32, #hivm.address_space<ub>> to memref<64xf32, strided<[1], offset: ?>, #hivm.address_space<ub>>
      %subview_1 = memref.subview %arg6[%arg7] [64] [1] : memref<8192xf32, #hivm.address_space<ub>> to memref<64xf32, strided<[1], offset: ?>, #hivm.address_space<ub>>
      %0 = vector.transfer_read %subview[%c0], %cst_0 {in_bounds = [true]} : memref<64xf32, strided<[1], offset: ?>, #hivm.address_space<ub>>, vector<64xf32>
      %1 = arith.truncf %0 {enable_saturate = false, round_mode = #hfusion.round_mode<rint>, unsigned_mode = #hfusion.unsigned_mode<si2si>} : vector<64xf32> to vector<64xbf16>
      %2 = arith.extf %1 {enable_saturate = false, round_mode = #hfusion.round_mode<rint>, unsigned_mode = #hfusion.unsigned_mode<si2si>} : vector<64xbf16> to vector<64xf32>
      vector.transfer_write %2, %subview_1[%c0] {in_bounds = [true]} : vector<64xf32>, memref<64xf32, strided<[1], offset: ?>, #hivm.address_space<ub>>
    }
    return
  }
  func.func @_candidate_mmq_style_norm_after_attn_kernel_outlined_vf_5(%arg0: memref<8192xf32, #hivm.address_space<ub>>, %arg1: memref<f32, #hivm.address_space<ub>>) attributes {hivm.func_core_type = #hivm.func_core_type<AIV>, hivm.vector_function, no_inline} {
    %cst = arith.constant 0.000000e+00 : f32
    %c64 = arith.constant 64 : index
    %c8192 = arith.constant 8192 : index
    %c0 = arith.constant 0 : index
    %0 = vector.transfer_read %arg1[], %cst : memref<f32, #hivm.address_space<ub>>, vector<f32>
    %1 = scf.for %arg2 = %c0 to %c8192 step %c64 iter_args(%arg3 = %0) -> (vector<f32>) {
      %subview = memref.subview %arg0[%arg2] [64] [1] : memref<8192xf32, #hivm.address_space<ub>> to memref<64xf32, strided<[1], offset: ?>, #hivm.address_space<ub>>
      %2 = vector.transfer_read %subview[%c0], %cst {in_bounds = [true]} : memref<64xf32, strided<[1], offset: ?>, #hivm.address_space<ub>>, vector<64xf32>
      %3 = vector.extractelement %arg3[] : vector<f32>
      %4 = arith.mulf %2, %2 : vector<64xf32>
      %5 = vector.multi_reduction <add>, %4, %3 [0] : vector<64xf32> to f32
      %6 = vector.broadcast %5 : f32 to vector<f32>
      scf.yield %6 : vector<f32>
    }
    vector.transfer_write %1, %arg1[] : vector<f32>, memref<f32, #hivm.address_space<ub>>
    return
  }
  func.func @_candidate_mmq_style_norm_after_attn_kernel_outlined_vf_6(%arg0: memref<8192xf32, #hivm.address_space<ub>>, %arg1: memref<8192xf32, #hivm.address_space<ub>>, %arg2: memref<1xf32, #hivm.address_space<ub>>, %arg3: memref<1xf32, #hivm.address_space<ub>>, %arg4: memref<8192xf32, #hivm.address_space<ub>>) attributes {hivm.func_core_type = #hivm.func_core_type<AIV>, hivm.vector_function, no_inline} {
    %cst = arith.constant dense<1.000000e+00> : vector<64xf32>
    %cst_0 = arith.constant 0.000000e+00 : f32
    %c64 = arith.constant 64 : index
    %c8192 = arith.constant 8192 : index
    %c0 = arith.constant 0 : index
    scf.for %arg5 = %c0 to %c8192 step %c64 {
      %subview = memref.subview %arg0[%arg5] [64] [1] : memref<8192xf32, #hivm.address_space<ub>> to memref<64xf32, strided<[1], offset: ?>, #hivm.address_space<ub>>
      %subview_1 = memref.subview %arg1[%arg5] [64] [1] : memref<8192xf32, #hivm.address_space<ub>> to memref<64xf32, strided<[1], offset: ?>, #hivm.address_space<ub>>
      %subview_2 = memref.subview %arg4[%arg5] [64] [1] : memref<8192xf32, #hivm.address_space<ub>> to memref<64xf32, strided<[1], offset: ?>, #hivm.address_space<ub>>
      %0 = vector.transfer_read %subview[%c0], %cst_0 {in_bounds = [true]} : memref<64xf32, strided<[1], offset: ?>, #hivm.address_space<ub>>, vector<64xf32>
      %1 = vector.transfer_read %arg2[%c0], %cst_0 {in_bounds = [true], permutation_map = #map} : memref<1xf32, #hivm.address_space<ub>>, vector<64xf32>
      %2 = vector.transfer_read %arg3[%c0], %cst_0 {in_bounds = [true], permutation_map = #map} : memref<1xf32, #hivm.address_space<ub>>, vector<64xf32>
      %3 = vector.transfer_read %subview_1[%c0], %cst_0 {in_bounds = [true]} : memref<64xf32, strided<[1], offset: ?>, #hivm.address_space<ub>>, vector<64xf32>
      %4 = arith.addf %1, %2 : vector<64xf32>
      %5 = math.sqrt %4 : vector<64xf32>
      %6 = arith.divf %cst, %5 : vector<64xf32>
      %7 = arith.mulf %0, %6 : vector<64xf32>
      %8 = arith.mulf %7, %3 : vector<64xf32>
      vector.transfer_write %8, %subview_2[%c0] {in_bounds = [true]} : vector<64xf32>, memref<64xf32, strided<[1], offset: ?>, #hivm.address_space<ub>>
    }
    return
  }
  func.func @_candidate_mmq_style_norm_after_attn_kernel_outlined_vf_7(%arg0: memref<8192xf32, #hivm.address_space<ub>>, %arg1: memref<8192xbf16, #hivm.address_space<ub>>) attributes {hivm.func_core_type = #hivm.func_core_type<AIV>, hivm.vector_function, no_inline} {
    %cst = arith.constant 0.000000e+00 : f32
    %c64 = arith.constant 64 : index
    %c8192 = arith.constant 8192 : index
    %c0 = arith.constant 0 : index
    scf.for %arg2 = %c0 to %c8192 step %c64 {
      %subview = memref.subview %arg0[%arg2] [64] [1] : memref<8192xf32, #hivm.address_space<ub>> to memref<64xf32, strided<[1], offset: ?>, #hivm.address_space<ub>>
      %subview_0 = memref.subview %arg1[%arg2] [64] [1] : memref<8192xbf16, #hivm.address_space<ub>> to memref<64xbf16, strided<[1], offset: ?>, #hivm.address_space<ub>>
      %0 = vector.transfer_read %subview[%c0], %cst {in_bounds = [true]} : memref<64xf32, strided<[1], offset: ?>, #hivm.address_space<ub>>, vector<64xf32>
      %1 = arith.truncf %0 {enable_saturate = false, round_mode = #hfusion.round_mode<rint>, unsigned_mode = #hfusion.unsigned_mode<si2si>} : vector<64xf32> to vector<64xbf16>
      vector.transfer_write %1, %subview_0[%c0] {in_bounds = [true]} : vector<64xbf16>, memref<64xbf16, strided<[1], offset: ?>, #hivm.address_space<ub>>
    }
    return
  }
  func.func @_candidate_mmq_style_norm_after_attn_kernel_outlined_vf_8(%arg0: memref<8192xbf16, #hivm.address_space<ub>>) attributes {hivm.func_core_type = #hivm.func_core_type<AIV>, hivm.vector_function, no_inline} {
    %cst = arith.constant dense<0.000000e+00> : vector<128xbf16>
    %c128 = arith.constant 128 : index
    %c8192 = arith.constant 8192 : index
    %c0 = arith.constant 0 : index
    scf.for %arg1 = %c0 to %c8192 step %c128 {
      %subview = memref.subview %arg0[%arg1] [128] [1] : memref<8192xbf16, #hivm.address_space<ub>> to memref<128xbf16, strided<[1], offset: ?>, #hivm.address_space<ub>>
      vector.transfer_write %cst, %subview[%c0] {in_bounds = [true]} : vector<128xbf16>, memref<128xbf16, strided<[1], offset: ?>, #hivm.address_space<ub>>
    }
    return
  }
  func.func @_candidate_mmq_style_norm_after_attn_kernel_outlined_vf_9(%arg0: memref<8192xbf16, #hivm.address_space<ub>>) attributes {hivm.func_core_type = #hivm.func_core_type<AIV>, hivm.vector_function, no_inline} {
    %cst = arith.constant dense<0.000000e+00> : vector<128xbf16>
    %c128 = arith.constant 128 : index
    %c8192 = arith.constant 8192 : index
    %c0 = arith.constant 0 : index
    scf.for %arg1 = %c0 to %c8192 step %c128 {
      %subview = memref.subview %arg0[%arg1] [128] [1] : memref<8192xbf16, #hivm.address_space<ub>> to memref<128xbf16, strided<[1], offset: ?>, #hivm.address_space<ub>>
      vector.transfer_write %cst, %subview[%c0] {in_bounds = [true]} : vector<128xbf16>, memref<128xbf16, strided<[1], offset: ?>, #hivm.address_space<ub>>
    }
    return
  }
  func.func @_candidate_mmq_style_norm_after_attn_kernel_outlined_vf_10(%arg0: memref<8192xbf16, #hivm.address_space<ub>>, %arg1: memref<8192xbf16, #hivm.address_space<ub>>, %arg2: memref<8192xf32, #hivm.address_space<ub>>, %arg3: memref<8192xf32, #hivm.address_space<ub>>) attributes {hivm.func_core_type = #hivm.func_core_type<AIV>, hivm.vector_function, no_inline} {
    %cst = arith.constant 0.000000e+00 : bf16
    %c64 = arith.constant 64 : index
    %c8192 = arith.constant 8192 : index
    %c0 = arith.constant 0 : index
    scf.for %arg4 = %c0 to %c8192 step %c64 {
      %subview = memref.subview %arg0[%arg4] [64] [1] : memref<8192xbf16, #hivm.address_space<ub>> to memref<64xbf16, strided<[1], offset: ?>, #hivm.address_space<ub>>
      %subview_0 = memref.subview %arg2[%arg4] [64] [1] : memref<8192xf32, #hivm.address_space<ub>> to memref<64xf32, strided<[1], offset: ?>, #hivm.address_space<ub>>
      %0 = vector.transfer_read %subview[%c0], %cst {in_bounds = [true]} : memref<64xbf16, strided<[1], offset: ?>, #hivm.address_space<ub>>, vector<64xbf16>
      %1 = arith.extf %0 {enable_saturate = false, round_mode = #hfusion.round_mode<rint>, unsigned_mode = #hfusion.unsigned_mode<si2si>} : vector<64xbf16> to vector<64xf32>
      vector.transfer_write %1, %subview_0[%c0] {in_bounds = [true]} : vector<64xf32>, memref<64xf32, strided<[1], offset: ?>, #hivm.address_space<ub>>
      %subview_1 = memref.subview %arg1[%arg4] [64] [1] : memref<8192xbf16, #hivm.address_space<ub>> to memref<64xbf16, strided<[1], offset: ?>, #hivm.address_space<ub>>
      %subview_2 = memref.subview %arg3[%arg4] [64] [1] : memref<8192xf32, #hivm.address_space<ub>> to memref<64xf32, strided<[1], offset: ?>, #hivm.address_space<ub>>
      %2 = vector.transfer_read %subview_1[%c0], %cst {in_bounds = [true]} : memref<64xbf16, strided<[1], offset: ?>, #hivm.address_space<ub>>, vector<64xbf16>
      %3 = arith.extf %2 {enable_saturate = false, round_mode = #hfusion.round_mode<rint>, unsigned_mode = #hfusion.unsigned_mode<si2si>} : vector<64xbf16> to vector<64xf32>
      vector.transfer_write %3, %subview_2[%c0] {in_bounds = [true]} : vector<64xf32>, memref<64xf32, strided<[1], offset: ?>, #hivm.address_space<ub>>
    }
    return
  }
  func.func @_candidate_mmq_style_norm_after_attn_kernel(%arg0: memref<?xi8, #hivm.address_space<gm>> {hacc.arg_type = #hacc.arg_type<sync_block_lock>}, %arg1: memref<?xi8, #hivm.address_space<gm>> {hacc.arg_type = #hacc.arg_type<workspace>}, %arg2: memref<?xbf16, #hivm.address_space<gm>> {tt.divisibility = 16 : i32, tt.tensor_kind = 0 : i32}, %arg3: memref<?xf32, #hivm.address_space<gm>> {tt.divisibility = 16 : i32, tt.tensor_kind = 0 : i32}, %arg4: memref<?xbf16, #hivm.address_space<gm>> {tt.divisibility = 16 : i32, tt.tensor_kind = 0 : i32}, %arg5: memref<?xbf16, #hivm.address_space<gm>> {tt.divisibility = 16 : i32, tt.tensor_kind = 0 : i32}, %arg6: memref<?xbf16, #hivm.address_space<gm>> {tt.divisibility = 16 : i32, tt.tensor_kind = 1 : i32}, %arg7: memref<?xf32, #hivm.address_space<gm>> {tt.divisibility = 16 : i32, tt.tensor_kind = 1 : i32}, %arg8: memref<?xf32, #hivm.address_space<gm>> {tt.divisibility = 16 : i32, tt.tensor_kind = 1 : i32}, %arg9: i32, %arg10: f32, %arg11: i32, %arg12: i32, %arg13: i32) attributes {SyncBlockLockArgIdx = 0 : i64, WorkspaceArgIdx = 1 : i64, func_dyn_memref_args = dense<[true, true, true, true, true, true, true, true, true, false, false, false, false, false]> : vector<14xi1>, hacc.entry, hacc.function_kind = #hacc.function_kind<DEVICE>, hivm.func_core_type = #hivm.func_core_type<AIV>, hivm.vf_mode = #hivm.vf_mode<SIMD>, mix_mode = "aiv", parallel_mode = "simd"} {
    %cst = arith.constant 2.048000e+03 : f32
    %c2048_i32 = arith.constant 2048 : i32
    %c0 = arith.constant 0 : index
    %cst_0 = arith.constant 0.000000e+00 : bf16
    %cst_1 = arith.constant 0.000000e+00 : f32
    %c56_i32 = arith.constant 56 : i32
    %0 = arith.muli %arg11, %arg12 : i32
    %1 = arith.muli %0, %arg13 : i32
    annotation.mark %1 {logical_block_num} : i32
    %2 = hivm.hir.get_block_idx -> i64
    %3 = arith.trunci %2 : i64 to i32
    %reinterpret_cast = memref.reinterpret_cast %arg4 to offset: [0], sizes: [8192], strides: [1] : memref<?xbf16, #hivm.address_space<gm>> to memref<8192xbf16, strided<[1]>, #hivm.address_space<gm>>
    %subview = memref.subview %reinterpret_cast[0] [2048] [1] : memref<8192xbf16, strided<[1]>, #hivm.address_space<gm>> to memref<2048xbf16, #hivm.address_space<gm>>
    %reinterpret_cast_2 = memref.reinterpret_cast %arg5 to offset: [0], sizes: [8192], strides: [1] : memref<?xbf16, #hivm.address_space<gm>> to memref<8192xbf16, strided<[1]>, #hivm.address_space<gm>>
    %subview_3 = memref.subview %reinterpret_cast_2[0] [2048] [1] : memref<8192xbf16, strided<[1]>, #hivm.address_space<gm>> to memref<2048xbf16, #hivm.address_space<gm>>
    %alloc = memref.alloc() {alignment = 64 : i64} : memref<1xf32, #hivm.address_space<ub>>
    memref.store %arg10, %alloc[%c0] : memref<1xf32, #hivm.address_space<ub>>
    scf.for %arg14 = %3 to %1 step %c56_i32  : i32 {
      hivm.hir.set_ctrl false at ctrl[60]
      hivm.hir.set_ctrl true at ctrl[48]
      %4 = arith.remsi %arg14, %arg11 : i32
      %alloc_4 = memref.alloc() : memref<8192xbf16, #hivm.address_space<ub>>
      annotation.mark %alloc_4 {hivm.multi_buffer = 2 : i32} : memref<8192xbf16, #hivm.address_space<ub>>
      func.call @_candidate_mmq_style_norm_after_attn_kernel_outlined_vf_8(%alloc_4) {hivm.vector_function, no_inline} : (memref<8192xbf16, #hivm.address_space<ub>>) -> ()
      %subview_5 = memref.subview %alloc_4[0] [2048] [1] : memref<8192xbf16, #hivm.address_space<ub>> to memref<2048xbf16, #hivm.address_space<ub>>
      hivm.hir.load ins(%subview : memref<2048xbf16, #hivm.address_space<gm>>) outs(%subview_5 : memref<2048xbf16, #hivm.address_space<ub>>) pad_mode = <PadValue> pad_value = %cst_0 : bf16 left_padding_num = %c0 : index eviction_policy = <EvictFirst> core_type = <VECTOR>
      %alloc_6 = memref.alloc() : memref<8192xbf16, #hivm.address_space<ub>>
      annotation.mark %alloc_6 {hivm.multi_buffer = 2 : i32} : memref<8192xbf16, #hivm.address_space<ub>>
      func.call @_candidate_mmq_style_norm_after_attn_kernel_outlined_vf_9(%alloc_6) {hivm.vector_function, no_inline} : (memref<8192xbf16, #hivm.address_space<ub>>) -> ()
      %subview_7 = memref.subview %alloc_6[0] [2048] [1] : memref<8192xbf16, #hivm.address_space<ub>> to memref<2048xbf16, #hivm.address_space<ub>>
      hivm.hir.load ins(%subview_3 : memref<2048xbf16, #hivm.address_space<gm>>) outs(%subview_7 : memref<2048xbf16, #hivm.address_space<ub>>) pad_mode = <PadValue> pad_value = %cst_0 : bf16 left_padding_num = %c0 : index eviction_policy = <EvictFirst> core_type = <VECTOR>
      %alloc_8 = memref.alloc() {alignment = 64 : i64} : memref<8192xf32, #hivm.address_space<ub>>
      %alloc_9 = memref.alloc() {alignment = 64 : i64} : memref<8192xf32, #hivm.address_space<ub>>
      func.call @_candidate_mmq_style_norm_after_attn_kernel_outlined_vf_10(%alloc_4, %alloc_6, %alloc_8, %alloc_9) {hivm.vector_function, no_inline} : (memref<8192xbf16, #hivm.address_space<ub>>, memref<8192xbf16, #hivm.address_space<ub>>, memref<8192xf32, #hivm.address_space<ub>>, memref<8192xf32, #hivm.address_space<ub>>) -> ()
      scf.for %arg15 = %4 to %arg9 step %arg11  : i32 {
        %5 = arith.muli %arg15, %c2048_i32 : i32
        %6 = arith.index_cast %5 : i32 to index
        %reinterpret_cast_10 = memref.reinterpret_cast %arg2 to offset: [%6], sizes: [8192], strides: [1] : memref<?xbf16, #hivm.address_space<gm>> to memref<8192xbf16, strided<[1], offset: ?>, #hivm.address_space<gm>>
        %alloc_11 = memref.alloc() : memref<8192xbf16, #hivm.address_space<ub>>
        annotation.mark %alloc_11 {hivm.multi_buffer = 2 : i32} : memref<8192xbf16, #hivm.address_space<ub>>
        func.call @_candidate_mmq_style_norm_after_attn_kernel_outlined_vf_0(%alloc_11) {hivm.vector_function, no_inline} : (memref<8192xbf16, #hivm.address_space<ub>>) -> ()
        %subview_12 = memref.subview %reinterpret_cast_10[0] [2048] [1] : memref<8192xbf16, strided<[1], offset: ?>, #hivm.address_space<gm>> to memref<2048xbf16, strided<[1], offset: ?>, #hivm.address_space<gm>>
        %subview_13 = memref.subview %alloc_11[0] [2048] [1] : memref<8192xbf16, #hivm.address_space<ub>> to memref<2048xbf16, #hivm.address_space<ub>>
        hivm.hir.load ins(%subview_12 : memref<2048xbf16, strided<[1], offset: ?>, #hivm.address_space<gm>>) outs(%subview_13 : memref<2048xbf16, #hivm.address_space<ub>>) pad_mode = <PadValue> pad_value = %cst_0 : bf16 left_padding_num = %c0 : index eviction_policy = <EvictFirst> core_type = <VECTOR>
        %reinterpret_cast_14 = memref.reinterpret_cast %arg3 to offset: [%6], sizes: [8192], strides: [1] : memref<?xf32, #hivm.address_space<gm>> to memref<8192xf32, strided<[1], offset: ?>, #hivm.address_space<gm>>
        %alloc_15 = memref.alloc() : memref<8192xf32, #hivm.address_space<ub>>
        annotation.mark %alloc_15 {hivm.multi_buffer = 2 : i32} : memref<8192xf32, #hivm.address_space<ub>>
        func.call @_candidate_mmq_style_norm_after_attn_kernel_outlined_vf_1(%alloc_15) {hivm.vector_function, no_inline} : (memref<8192xf32, #hivm.address_space<ub>>) -> ()
        %subview_16 = memref.subview %reinterpret_cast_14[0] [2048] [1] : memref<8192xf32, strided<[1], offset: ?>, #hivm.address_space<gm>> to memref<2048xf32, strided<[1], offset: ?>, #hivm.address_space<gm>>
        %subview_17 = memref.subview %alloc_15[0] [2048] [1] : memref<8192xf32, #hivm.address_space<ub>> to memref<2048xf32, #hivm.address_space<ub>>
        hivm.hir.load ins(%subview_16 : memref<2048xf32, strided<[1], offset: ?>, #hivm.address_space<gm>>) outs(%subview_17 : memref<2048xf32, #hivm.address_space<ub>>) pad_mode = <PadValue> pad_value = %cst_1 : f32 left_padding_num = %c0 : index eviction_policy = <EvictFirst> core_type = <VECTOR>
        %alloc_18 = memref.alloc() {alignment = 64 : i64} : memref<8192xf32, #hivm.address_space<ub>>
        func.call @_candidate_mmq_style_norm_after_attn_kernel_outlined_vf_2(%alloc_11, %alloc_18) {hivm.vector_function, no_inline} : (memref<8192xbf16, #hivm.address_space<ub>>, memref<8192xf32, #hivm.address_space<ub>>) -> ()
        %alloc_19 = memref.alloc() {alignment = 64 : i64} : memref<f32, #hivm.address_space<ub>>
        memref.store %cst_1, %alloc_19[] : memref<f32, #hivm.address_space<ub>>
        func.call @_candidate_mmq_style_norm_after_attn_kernel_outlined_vf_3(%alloc_18, %alloc_19) {hivm.vector_function, no_inline} : (memref<8192xf32, #hivm.address_space<ub>>, memref<f32, #hivm.address_space<ub>>) -> ()
        %7 = memref.load %alloc_19[] : memref<f32, #hivm.address_space<ub>>
        %8 = arith.divf %7, %cst : f32
        %alloc_20 = memref.alloc() {alignment = 64 : i64} : memref<1xf32, #hivm.address_space<ub>>
        memref.store %8, %alloc_20[%c0] : memref<1xf32, #hivm.address_space<ub>>
        %alloc_21 = memref.alloc() {alignment = 64 : i64} : memref<8192xf32, #hivm.address_space<ub>>
        annotation.mark %alloc_21 {hivm.multi_buffer = 2 : i32} : memref<8192xf32, #hivm.address_space<ub>>
        %alloc_22 = memref.alloc() {alignment = 64 : i64} : memref<8192xf32, #hivm.address_space<ub>>
        func.call @_candidate_mmq_style_norm_after_attn_kernel_outlined_vf_4(%alloc_18, %alloc_8, %alloc_15, %alloc_20, %alloc, %alloc_21, %alloc_22) {hivm.vector_function, no_inline} : (memref<8192xf32, #hivm.address_space<ub>>, memref<8192xf32, #hivm.address_space<ub>>, memref<8192xf32, #hivm.address_space<ub>>, memref<1xf32, #hivm.address_space<ub>>, memref<1xf32, #hivm.address_space<ub>>, memref<8192xf32, #hivm.address_space<ub>>, memref<8192xf32, #hivm.address_space<ub>>) -> ()
        %alloc_23 = memref.alloc() {alignment = 64 : i64} : memref<f32, #hivm.address_space<ub>>
        memref.store %cst_1, %alloc_23[] : memref<f32, #hivm.address_space<ub>>
        func.call @_candidate_mmq_style_norm_after_attn_kernel_outlined_vf_5(%alloc_22, %alloc_23) {hivm.vector_function, no_inline} : (memref<8192xf32, #hivm.address_space<ub>>, memref<f32, #hivm.address_space<ub>>) -> ()
        %9 = memref.load %alloc_23[] : memref<f32, #hivm.address_space<ub>>
        %10 = arith.divf %9, %cst : f32
        %alloc_24 = memref.alloc() {alignment = 64 : i64} : memref<1xf32, #hivm.address_space<ub>>
        memref.store %10, %alloc_24[%c0] : memref<1xf32, #hivm.address_space<ub>>
        %alloc_25 = memref.alloc() {alignment = 64 : i64} : memref<8192xf32, #hivm.address_space<ub>>
        annotation.mark %alloc_25 {hivm.multi_buffer = 2 : i32} : memref<8192xf32, #hivm.address_space<ub>>
        func.call @_candidate_mmq_style_norm_after_attn_kernel_outlined_vf_6(%alloc_22, %alloc_9, %alloc_24, %alloc, %alloc_25) {hivm.vector_function, no_inline} : (memref<8192xf32, #hivm.address_space<ub>>, memref<8192xf32, #hivm.address_space<ub>>, memref<1xf32, #hivm.address_space<ub>>, memref<1xf32, #hivm.address_space<ub>>, memref<8192xf32, #hivm.address_space<ub>>) -> ()
        %reinterpret_cast_26 = memref.reinterpret_cast %arg7 to offset: [%6], sizes: [8192], strides: [1] : memref<?xf32, #hivm.address_space<gm>> to memref<8192xf32, strided<[1], offset: ?>, #hivm.address_space<gm>>
        %subview_27 = memref.subview %alloc_21[0] [2048] [1] : memref<8192xf32, #hivm.address_space<ub>> to memref<2048xf32, strided<[1]>, #hivm.address_space<ub>>
        %subview_28 = memref.subview %reinterpret_cast_26[0] [2048] [1] : memref<8192xf32, strided<[1], offset: ?>, #hivm.address_space<gm>> to memref<2048xf32, strided<[1], offset: ?>, #hivm.address_space<gm>>
        hivm.hir.store ins(%subview_27 : memref<2048xf32, strided<[1]>, #hivm.address_space<ub>>) outs(%subview_28 : memref<2048xf32, strided<[1], offset: ?>, #hivm.address_space<gm>>)
        %reinterpret_cast_29 = memref.reinterpret_cast %arg8 to offset: [%6], sizes: [8192], strides: [1] : memref<?xf32, #hivm.address_space<gm>> to memref<8192xf32, strided<[1], offset: ?>, #hivm.address_space<gm>>
        %subview_30 = memref.subview %alloc_25[0] [2048] [1] : memref<8192xf32, #hivm.address_space<ub>> to memref<2048xf32, strided<[1]>, #hivm.address_space<ub>>
        %subview_31 = memref.subview %reinterpret_cast_29[0] [2048] [1] : memref<8192xf32, strided<[1], offset: ?>, #hivm.address_space<gm>> to memref<2048xf32, strided<[1], offset: ?>, #hivm.address_space<gm>>
        hivm.hir.store ins(%subview_30 : memref<2048xf32, strided<[1]>, #hivm.address_space<ub>>) outs(%subview_31 : memref<2048xf32, strided<[1], offset: ?>, #hivm.address_space<gm>>)
        %reinterpret_cast_32 = memref.reinterpret_cast %arg6 to offset: [%6], sizes: [8192], strides: [1] : memref<?xbf16, #hivm.address_space<gm>> to memref<8192xbf16, strided<[1], offset: ?>, #hivm.address_space<gm>>
        %alloc_33 = memref.alloc() {alignment = 64 : i64} : memref<8192xbf16, #hivm.address_space<ub>>
        annotation.mark %alloc_33 {hivm.multi_buffer = 2 : i32} : memref<8192xbf16, #hivm.address_space<ub>>
        func.call @_candidate_mmq_style_norm_after_attn_kernel_outlined_vf_7(%alloc_25, %alloc_33) {hivm.vector_function, no_inline} : (memref<8192xf32, #hivm.address_space<ub>>, memref<8192xbf16, #hivm.address_space<ub>>) -> ()
        %subview_34 = memref.subview %alloc_33[0] [2048] [1] : memref<8192xbf16, #hivm.address_space<ub>> to memref<2048xbf16, strided<[1]>, #hivm.address_space<ub>>
        %subview_35 = memref.subview %reinterpret_cast_32[0] [2048] [1] : memref<8192xbf16, strided<[1], offset: ?>, #hivm.address_space<gm>> to memref<2048xbf16, strided<[1], offset: ?>, #hivm.address_space<gm>>
        hivm.hir.store ins(%subview_34 : memref<2048xbf16, strided<[1]>, #hivm.address_space<ub>>) outs(%subview_35 : memref<2048xbf16, strided<[1], offset: ?>, #hivm.address_space<gm>>)
      } {tt.num_stages = 2 : i32}
      hivm.hir.set_ctrl true at ctrl[60]
    } {autoblockify.subloop}
    return
  }
}


loc("/data2/hw_lly/testfiles2/bench_mmq_style_norm_after_attn_npu.py":157:0): error: Failed to run buildFinalHIVMPipelines pipeline

loc("/data2/hw_lly/testfiles2/bench_mmq_style_norm_after_attn_npu.py":157:0): error: ub overflow, requires 2359808 bits while 2031616 bits available!
loc("/data2/hw_lly/testfiles2/bench_mmq_style_norm_after_attn_npu.py":157:0): error: Failed to run buildFinalHIVMPipelines pipeline

loc("/data2/hw_lly/testfiles2/bench_mmq_style_norm_after_attn_npu.py":157:0): error: ub overflow, requires 2359808 bits while 2031616 bits available!
loc("/data2/hw_lly/testfiles2/bench_mmq_style_norm_after_attn_npu.py":157:0): error: Failed to run buildFinalHIVMPipelines pipeline

loc("/data2/hw_lly/testfiles2/bench_mmq_style_norm_after_attn_npu.py":157:0): error: ub overflow, requires 2359808 bits while 2031616 bits available!
[ERROR] Failed to run BiShengIR pipeline
[ERROR] Executing: /usr/local/python3.11.10/lib/python3.11/site-packages/triton/backends/ascend/bishengir/bin/bishengir-compile-a5 /tmp/tmphgut3zkf/kernel.ttadapter.mlir --target=Ascend950PR_957b --enable-auto-multi-buffer=True --enable-auto-bind-sub-block=True --disable-ffts --limit-auto-multi-buffer-of-local-buffer=no-limit --enable-auto-blockify-loop --enable-hfusion-compile=true --enable-triton-kernel-compile=true --append-bisheng-options=-cce-link-aicore-ll-module /usr/local/python3.11.10/lib/python3.11/site-packages/triton/backends/ascend/lib/libdevice.10.bc --mlir-print-ir-after-failure --mlir-print-stacktrace-on-diagnostic -o /tmp/tmphgut3zkf/kernel --enable-vf-merge-level=1


[INFO]: The compiled kernel cache is in /root/.triton/cache/G-loy_lglSF4WORUPesTTDZc2FI1yp_DfYZiwsG1rIE

///------------------[ERROR][Triton][END]------------------

[ERROR] 2026-08-17-12:18:36 (PID:2015039, Device:4, RankID:-1) ERR99999 UNKNOWN applicaiton exception
